,movie_comment,movie_id,movie_score,movie_time,user_id
0,还蛮好笑的哎,30165729,3,2018-04-14,jmix
1,。。。。。。这片子真是我暂停接着看又暂停看了好久看不进去，什么几把鬼剧情啊！真是心疼我Alex演技浪费在这种烂片上。。。。。。。,3824344,2,2018-04-11,jmix
2,炸裂炸裂要二刷三刷！！！！！精彩到什么程度，电影开场十分钟还有直男打电话发微信聊骚不亦乐乎呢，本来我都打算他要是再多讲一个字我就文明开骂了，结果接下去全程安静如鸡连手机都静音了。,4920389,5,2018-04-11,jmix
3,太志郎这类型猛一看好可爱啊结果越看越油腻。。。。。漫才小哥倒是狂拉好感度了。这季溜了观众一路套路太多剧本痕迹严重快进看完,27611717,,2018-04-10,jmix
4,怜菜真的好可怜啊明明这么可爱心疼！！莲真是第一集出现卧槽好丑结果一集比一集顺眼也太神奇了。。。。。。,27133175,,2018-04-09,jmix
5,ELMO！COOKIE MONSTER！大鸟！伯爵！小梅子！妈呀我都还记得名字233333,26930120,5,2018-04-05,jmix
6,小时候可喜欢看了23333,1960221,5,2018-04-05,jmix
7,,26999991,,2018-03-29,jmix
8,,26999992,,2018-03-29,jmix
9,,26384741,3,2018-03-20,jmix
10,勺子刮杯壁的声音真的无法忍受！！！,26688480,3,2018-03-10,jmix
11,,25785220,3,2018-03-04,jmix
12,,30150765,3,2018-03-03,jmix
13,沉迷吸猫无法自拔的大叔2333333,26673216,3,2018-03-03,jmix
14,验证各种假说太有意思了,26253556,5,2018-03-02,jmix
15,错以为美食番的名字哈哈哈哈哈哈哈，向女装大佬林林低头,27086870,,2018-02-28,jmix
16,,27078344,3,2018-02-24,jmix
17,也是非常想把身边的直男们都送去给这五个可人儿姐妹组改造了厚！,26964443,4,2018-02-22,jmix
18,这季完全没有特别喜欢的。有些表演甚至很尬。好奇怪，明明第六季的时候觉得MILK又帅又独树一帜，这季怎么变得俗且矫情。。。。没意外的话ben得冠了【第六集疯掉了小奶油竟然自己退了！！！！我操！！！！！这种比赛还有什么意思！！！！！,27668184,,2018-02-08,jmix
19,除了何猷君，其他选手都很棒,27624689,,2018-02-04,jmix
20,,26961208,,2018-02-02,jmix
21,前三十分钟以为恶俗青春片，后面突跳恶趣味大飙血浆，导演玩的很嗨啊2333血腥戏谑版小鬼当家,26704621,3,2018-02-01,jmix
22,Glenn被爆头都没想着弃剧，但是这一季。。。。编剧跟整个剧组都在严重消耗大家对这块金字招牌的吸引力，对不起大概真的要弃剧了,26842605,,2018-02-01,jmix
23,,26994912,4,2018-02-01,jmix
24,一只叫【小鸡儿】的丧尸，锲而不舍的跟随女主横穿沙漠一路走下来，两者之间产生了奇怪的羁绊，非常黑色幽默了。截止到这里为止还挺有意思，可惜后半段又陷入了俗套丧尸片模式直线垮掉，要什么温情要什么为母则强啊！真的超没意思,26881627,3,2018-02-01,jmix
25,。。。。。。一月最强毒药番我操哈哈哈哈哈哈哈哈，一秒十梗乱玩梗什么的已经不在乎了，完全就是随心所欲的到了一个新境界，不是单纯的ACG领域了，本土综艺搞笑段子CM什么的，岛国真是再次让人叹为观止,27011483,,2018-01-21,jmix
26,萌到想养一只木乃伊了【住手,27079415,4,2018-01-16,jmix
27,圆滚滚的小天使们可爱死了！！！！！！！！,27003548,4,2018-01-15,jmix
28,带点情色意味的真。成人童话，只不过灰姑娘这回遇到的不是王子而是跨物种的人鱼。就算整个主题老套陈旧毫无新意，还是让我看出点感同身受的孤独感来，不得不说好温柔好浪漫啊，爱情童话就这么简单就真的够了,26752852,4,2018-01-13,jmix
29,这系列最差的一部，炒冷饭硬炒成这副样子，太尬了！,25788426,2,2018-01-13,jmix
30,2107最佳。这一场已经不是单纯的脱口秀，不是为了让你们无脑发笑而编的瞎段子，这是一位重度抑郁患者的自我剖析,27025609,5,2018-01-11,jmix
31,段子质量高，感同身受,27025615,5,2018-01-11,jmix
32,人类清除计划2333333,27127660,5,2018-01-11,jmix
33,,1957933,5,2018-01-02,jmix
34,,4850732,5,2018-01-02,jmix
35,,26691373,5,2018-01-02,jmix
36,,5244254,5,2018-01-02,jmix
37,,10732292,5,2018-01-02,jmix
38,,6080673,5,2017-12-31,jmix
39,甜茶太甜了啊！！！自然纯真的少年感混合脆弱倔强的美感，演技了得又诱又纯，奶的一塌糊涂啊啊啊,26799731,4,2017-12-22,jmix
40,到了第五季了依旧还是这么好笑耶！,27003688,5,2017-12-21,jmix
41,就期待越大失望也有点大吧。。。两个人莫名其妙进度太快，没有自然的过渡，跳跃断层的生硬感。女朋友那条线也是，太刻意的尴尬感。这个题材深入拍应该会相当带感，就还是太浅尝辄止。你们觉得BE是两个人假戏真做后又不得不回归现实的无奈，我觉得BE是英佑才是真方法派演技，从头到尾没爱过吧。。。,27094896,3,2017-12-01,jmix
42,,26935251,,2017-11-16,jmix
43,这种做作类型的片子已经掀不起我任何兴趣了,27031389,,2017-11-16,jmix
44,A班的每一个人大家都好可爱，尤其轰超级可爱。男主其实就是地才啊相当努力努力哭惹，超期待第三季了！,26827706,5,2017-11-13,jmix
45,老实讲比第一季要差，节奏也明显松散掉了,26844438,3,2017-11-12,jmix
46,就算是老套的热血番依旧还能让我泪目的燃起来，看来我离中年危机还远【安心,26653375,4,2017-11-08,jmix
47,非常怪奇物语。血浆喷射脸溅满屋子那个镜头堪称经典了啊。小时候真对小丑无感，反而成年以后尤其最近几年发现小丑是真他妈creepy啊,3604148,4,2017-11-02,jmix
48,,26817043,,2017-11-01,jmix
49,按照这个节奏感觉可以无止境的拍下去。都第四季了才发现编剧真是厉害啊，主线依旧还是围绕这几个人的琐事，反正新出现的成员最后不是会走就是会挂,27041369,4,2017-10-31,jmix
50,,27027913,3,2017-10-29,jmix
51,反正这种节目设定国内是绝对不会有，本中年人看高中生谈恋爱看的起劲也是23333青春无敌的恋爱真是好啊,27133174,3,2017-10-28,jmix
52,,26969711,,2017-10-23,jmix
53,兔子兔子233333,26994752,,2017-10-22,jmix
54,延续第一季下饭不用动脑子看着乐呵的喜剧模式,26981271,4,2017-10-14,jmix
55,3.5，比屎一样的第一部好太多了。老套的点有，但是依旧能有不错的惊悚效果,26644205,3,2017-10-11,jmix
56,我等了好久，第一季就开始莫名的暗落落期待，终于在第四季看到Lindsay跟Edgar这条线路发展了！上床了！！,26884427,4,2017-09-27,jmix
57,很可爱,26910060,3,2017-09-27,jmix
58,就走个维密又不是走la perla，一群用力过猛的戏精抱团再加恶魔剪辑，也就吃饭间隙看看还成。那个吴月万人嫌没错了，李荣浩的EX陆瑶除了瘦的吓人跟脸也歪的吓人。。。。,27085698,2,2017-09-26,jmix
59,,24525318,4,2017-09-16,jmix
60,萌吐血萌吐血萌吐血，只谈一分钟的恋爱都能萌到满地打滚！！！！！！！,26935249,5,2017-09-10,jmix
61,陈小春的儿子奶萌奶萌的太可爱了吧！吴尊跟杜江真是上过了一个爸爸回来了不过瘾又来了。。。。。。,27086865,,2017-09-08,jmix
62,葬仪屋帅到尖叫！！塞巴斯酱走马灯记忆影像的那一段大概就是给CP粉的福利没错的了,26640849,4,2017-08-25,jmix
63,,20515394,3,2017-08-20,jmix
64,,26647711,5,2017-08-17,jmix
65,不得了真不得了，1990年的BL片啊，黑帮卧底亲兄弟乱伦迷奸！还是个BE，全程目瞪口呆，晋江文都不敢这么写，郑伊健惊艳的小尖脸配金丝边眼镜整个一斯文败类好看的不要不要的神颜啊简直了！！！这种限制级放眼现在2017的国内还有谁敢拍#果然一个倒退#,3304013,4,2017-07-30,jmix
66,,26876155,4,2017-07-13,jmix
67,三星全给法鲨的肉体,5360890,3,2017-07-13,jmix
68,叔控啊真的色气满满啊啊啊,20266812,3,2017-07-13,jmix
69,。。。。。。这种画风像妹子CV也是妹子的伪娘BL还不如给我纯BG得了！！,19425128,2,2017-07-12,jmix
70,老子的少女心全奉献给基佬番了,27006002,3,2017-07-11,jmix
71,,11803087,,2017-07-07,jmix
72,一晃竟然是十年前的片子了但是放现在看来，就算是这种感染畸变已经拍烂的题材依旧很不错看。前六十分钟一人一狗的绝望感真的拍得太好了，只是之后又出现的幸存者跟结局真的是败笔,1820156,3,2017-07-06,jmix
73,PK都有资格当评委简直笑死噜！这种选手吊打导师的节目不多见昂，中国当然有嘻哈，但是不会是这个不尊重选手的垃圾抄袭黑幕节目。,27037043,1,2017-06-25,jmix
74,,27012497,4,2017-06-23,jmix
75,看了两集，预感不详要烂扑街。五毛特效剧情老套演技尴尬，演技尴尬到这是恐怖片啊朋友哪怕用力过猛也行啊！！这种题材的大概Netflix或者HBO都不敢拍板完美。其实就剧本而言拍成电影版的时长就差不多了电视剧太拖沓了,26614180,2,2017-06-23,jmix
76,直男卖腐。。。。,4317594,,2017-06-21,jmix
77,第一集刚开始五分钟不多废话就一个连绵大高潮的血腥剧啊哈哈哈哈，演技那么一点浮夸血浆跟不要钱似的，这类中二又Cult又不用动脑的爽剧可真正是最适合心情不好时候来观看了,26982706,3,2017-06-20,jmix
78,,3055413,,2017-06-19,jmix
79,,2343666,,2017-06-19,jmix
80,泰剧真的是不得了，能把妖冶母货们拍得这么爆笑还不惹人厌的只此这么一国了吧哈哈哈哈哈哈哈哈哈哈哈哈,26716179,4,2017-06-09,jmix
81,剧情多BUG，本质算烂片，密闭空间触手系，口爆什么的真的哪怕血腥片看再多无感对这种还是感觉略恶心的，只是这玩意真的长得太像海蜇皮+章鱼了吧有时候会笑场，奇怪的观影体验吧23333,26718838,2,2017-06-03,jmix
82,,25823622,4,2017-05-19,jmix
83,哎呦这季简直无聊到炸！唯一发现江疏影真的不简单，陈柏霖比我想象的弱鸡太多。深深想念我们的许晴阿姨,26789755,2,2017-05-12,jmix
84,片寄凉太简直就是吴亦凡跟鹿晗的混合体长相吧！！某些角度动态跟照片看起来还像张根硕。。。78小天使万年男二配，造型完全不适合脖子长过头了身材比例更尴尬了,26989728,,2017-05-11,jmix
85,纽约浮牲录这个译名更好,26704444,5,2017-05-05,jmix
86,真基佬番,26756212,4,2017-04-14,jmix
87,这季怎么讲，LADY GAGA开场也没觉得惊喜，凑数似的还拉了上季的李芳婷，最婊气冲天的竟然第三集就走了，入行才十个月的新人粉丝众多可惜后期人设崩塌，还有个疑似网红的Aja，妆面真的是脏到不行鼻环丑出翔！网红离开滤镜跟PS就是个死哦！强行鸡汤煽情太多几乎每集来几次，最喜欢Sasha，希望能夺冠！！,26969266,3,2017-04-14,jmix
88,就是看看妻夫木聪，真的太好看了行走的荷尔蒙啊！！！那小衬衫小腰！！！同志天菜称号不是吹的，绫野刚真的是欣赏无能各种出戏镜头一切到他就想骂街，床戏吻戏简直了导演在想什么！！！！！,26279289,,2017-04-07,jmix
89,,26643728,5,2017-04-07,jmix
90,,26962651,,2017-04-04,jmix
91,OP真的大好永生之酒mix鲁邦三世既视感~主线剧情还有帧数就明显疲了。。。,26801805,,2017-04-03,jmix
92,哈哈哈哈哈哈哈现在的泡面番也是不得了啊！！！,26992039,,2017-04-03,jmix
93,取名字取的真够可以的萧敬腾邵逸夫狂出戏，太久不看台剧真的受不了台湾腔，以及每个人的演技都是【琼瑶阿姨】+【欧阳娜娜式】哎超好笑！国内的耽美剧真的不行啊不行,26985181,2,2017-03-26,jmix
94,天呐可爱超级可爱啊啊啊啊！！！,26899726,5,2017-03-24,jmix
95,女尸挺美但是尸检不戴口罩。。。。。前一半是真的很不错，密闭空间恐怖氛围营造的够，后面失控了可惜啊。真的很烦了恐怖片里放宗教元素,26339213,3,2017-03-23,jmix
96,竟然有李俊基！！,20471852,3,2017-03-22,jmix
97,哪怕故事再老套，音乐真的是太棒了。还有第一次发现黑猩猩那么帅2333,26354572,4,2017-03-21,jmix
98,,26924139,,2017-03-15,jmix
99,,26879998,,2017-03-10,jmix
100,万万没想到迪士尼也会出品这类脑洞动画了啊。。。梅宝的CV一张嘴我就哈哈哈哈哈哈我的露易丝哦！！！,6874354,4,2017-02-21,jmix
101,TripTank里本来我就很喜欢的一个小单元没想到竟然出单独的了哈哈哈棒！,26947600,4,2017-02-14,jmix
102,有点恶心哈哈哈哈但是不错看，德鲁巴里摩尔真的老了。。。,26754624,4,2017-02-04,jmix
103,节奏快够紧凑笑点俗但是看着够闹腾开心，作为剧荒时期的后备剧是不错的选择啦,26724689,4,2017-01-28,jmix
104,第四集真的太棒了,26680329,5,2017-01-25,jmix
105,,26685451,3,2017-01-24,jmix
106,逼逼叨叨密集话唠片，有些台词有意思,1298320,,2017-01-22,jmix
107,,26311996,5,2017-01-20,jmix
108,,25820279,,2017-01-12,jmix
109,,20391434,,2017-01-11,jmix
110,水了一季终于在最后一集彻底开战了，超级期待第八季啊,26654811,4,2017-01-11,jmix
111,这剧最神奇的地方就是没有一个角色能让你完全喜欢,26757859,4,2017-01-11,jmix
112,,26843351,5,2017-01-11,jmix
113,,26758722,5,2017-01-11,jmix
114,啊啊啊啊甜死了甜死了！！ 入腐多年还能对着三次元真人脸红傻笑什么的！！！isak小天使的M唇长得超适合接吻，北欧圈的纯情少年们自然不造作的演技啊！！！！【捂心,26811832,5,2017-01-09,jmix
115,很难想象这都2016年了还能有审美如此乡土剧情不能更狗血老套的剧哈哈哈哈哈哈哈是十年前拍的压着没播吗？李小璐演的依旧是天使惹的祸那会的傻白甜类型，换以前大概还是可爱但是现在的脸僵的已经连这类最简单的角色都驾驭不了了#一个金马影后的堕落#李智楠割了双眼皮我！操！油！腻！的！不！行！,25960721,1,2017-01-04,jmix
116,配合B站弹幕能笑得昏过去哈哈哈哈哈哈,26336234,,2017-01-04,jmix
117,前辈喜欢巨乳，难道巨根就不行吗哈哈哈哈哈哈哈哈哈哈哈超级可爱的三人啊！！！！！,26932873,4,2017-01-03,jmix
118,LOW的超尴尬，陈赫是个什么鬼？？,26883107,1,2017-01-03,jmix
119,还是那么可爱！！！！！！！！！！,26311994,5,2016-12-26,jmix
120,超级可爱！！！！！！！CV奶声奶气的要人命哦！！！！Darwin小天使=3=,11516534,5,2016-12-12,jmix
121,哈哈哈哈还蛮有意思的,4905027,4,2016-12-04,jmix
122,,26279124,,2016-12-02,jmix
123,,26834188,4,2016-12-02,jmix
124,鸡汤虽好，少喝为妙。三星给某些台词，真的不是太喜欢这种恶意煽情但是真正情感矛盾时刻又匆匆掩盖带过伪造大团圆假象，还蛮廉价的,26794215,3,2016-11-21,jmix
125,黑莲花终于死了哈哈哈哈哈哈哈哈哈哈,26740389,4,2016-11-19,jmix
126,,21805598,,2016-11-08,jmix
127,其实已经有点没那么好笑了。。。。,26740396,3,2016-10-29,jmix
128,这季依旧延续散乱的感情主题奇葩的剧情走向跟台词，第11集的长镜头厉害了！！,26677985,4,2016-10-29,jmix
129,,26865382,4,2016-10-29,jmix
130,,1781621,4,2016-10-27,jmix
131,,1772084,5,2016-10-27,jmix
132,,1863598,4,2016-10-27,jmix
133,超级可爱的童年回忆！！！！！！,2059456,5,2016-10-27,jmix
134,,2059443,4,2016-10-27,jmix
135,哈哈哈哈小时候每个女孩子都迷恋的,2051725,4,2016-10-27,jmix
136,,1807959,5,2016-10-27,jmix
137,看名字完全没印象，一看截图立刻脑海浮现！！小时候真的看过好多动画片呀,2032212,4,2016-10-27,jmix
138,,2059810,,2016-10-27,jmix
139,,2091938,,2016-10-27,jmix
140,这个熟悉的BGM永远记得！！！！！,1781597,5,2016-10-27,jmix
141,全是童年啊！！！！,3062549,4,2016-10-27,jmix
142,超级可爱的！！！,2326678,5,2016-10-27,jmix
143,啊哈哈哈哈哈哈小时候的记忆都被唤醒啦！！,1886965,4,2016-10-27,jmix
144,新画风啊。。。我还是喜欢以前的。。。。,26751868,4,2016-10-27,jmix
145,,6125441,5,2016-10-27,jmix
146,本命！！！！！！！,2147055,5,2016-10-27,jmix
147,讲真，这部片也是蛮诡异的。。。,3160834,4,2016-10-27,jmix
148,,3073760,4,2016-10-27,jmix
149,竟然只有五集！！！震惊了！！！,1860377,5,2016-10-27,jmix
150,新西兰山区变形计23333这片子可爱到不行啊！,26411201,4,2016-10-26,jmix
151,,25834735,,2016-10-26,jmix
152,田亮家的儿子是真傻白甜啊，小考拉越长越好看了呀，第一次见是【人生第一次】那个亲子真人秀，那时候还小超级可爱~~蔡国庆老师家竟然那么普通不是豪宅！！还有实习奶爸什么鬼，叫陌生人爸爸看着着实尴尬演戏的人精萌个鬼#看的是豆瓣特供阉割黄某人版特别舒心呢#,26649931,,2016-10-16,jmix
153,节奏感棒，女主真是蠢贱的想掐死她，逻辑BUG也是不少。但是这片要是在电影院看的观影效果一定能憋气憋的超爽！,26704620,4,2016-10-16,jmix
154,这季姐妹情谊什么的看多了真是腻假没劲。这样一看Adore退赛真是一个明智的选择。三人小团体第五季时就很！不！喜！欢！尤其非常讨厌Roxxxy ，Alaska夺冠预定。,26850981,,2016-10-12,jmix
155,。。。。有点无聊，演技生硬尴尬而且节奏很有问题,26684564,2,2016-10-06,jmix
156,披着荒诞喜剧外衣的致郁片这是。。。。。。。。发现了丹尼尔的演技√,26437237,4,2016-10-05,jmix
157,,2338055,4,2016-10-04,jmix
158,这个是真牛逼大发了。。。。。,26331092,5,2016-10-01,jmix
159,好好好又找回了第一季时候的感觉了！！【第六集神转折，戏中戏啊！！这季真的好棒,26639161,4,2016-09-27,jmix
160,这他妈里番都没这么污啊哈哈哈哈哈哈哈哈哈哈哈哈！如此淫乱黄暴！R级不够，这片子完全不适合未成年人看，我觉得大概某些成人都受不了23333,4944008,4,2016-09-22,jmix
161,,26680247,3,2016-09-19,jmix
162,谁能剪个李准基的单人CUT啊！这剧全靠他的演技撑着老子看着太心累,26433135,,2016-09-13,jmix
163,剧情老套，各种bug，丧尸的节奏可以把这部所谓的惊悚片搞出喜剧片的效果，再加上恶意煽情，以及营销号的各种吹捧刷爆朋友圈，天呐大家是都没看过好看的丧尸片是嘛？？？,25986180,2,2016-09-12,jmix
164,,6019176,,2016-09-09,jmix
165,,26691515,,2016-09-05,jmix
166,,26727361,4,2016-09-05,jmix
167,,20471031,,2016-09-03,jmix
168,,20471029,4,2016-09-03,jmix
169,,20471030,,2016-09-03,jmix
170,,21327498,4,2016-09-03,jmix
171,Mike你不要来内地接烂戏可以么！！！！,26675616,1,2016-08-30,jmix
172,玛丽莲曼森是鬼啊！,24860563,3,2016-08-29,jmix
173,哈哈哈哈哈哈哈哈哈哈哈哈,26818933,,2016-08-23,jmix
174,哈哈哈哈哈哈哈哈哈萌,25922883,4,2016-08-23,jmix
175,这么好的设定能拍成这个死样子，Sooooooo boring！各种生硬尴尬，导演编剧剪辑师都已经死了。这片唯一存在的意义，就是各大漫展赶赶热潮出出小丑小丑女的COS以及美妆圈出出模仿小丑女的妆容了吧【科科,3569910,2,2016-08-21,jmix
176,,4301901,5,2016-08-21,jmix
177,,24298599,,2016-08-21,jmix
178,第一集紧张感又回来了恢复了第一季水准，第二季的老年运动会简直了。美版翻拍的算可以的了，算的上国内目前最好的竞技类综艺真人秀了----分割线----看来我言之过早了，目前六集看下来了，这季项目设置跟节奏以及后期剪辑都有很大问题，没有紧张感只有无聊，植入广告工作幕后花絮尴尬症狂犯，谁要看啊！,26641637,,2016-08-21,jmix
179,什么传教士，这是魔教士！想补原漫画了,3269027,4,2016-08-12,jmix
180,,1877596,,2016-08-10,jmix
181,,1790373,4,2016-08-10,jmix
182,当年的李准基真是惊艳啊,1466394,4,2016-08-10,jmix
183,杜狗一开口就知道是摩登家庭里的Cam了，被告知老主人死去那段真的很怕恶意煽情还好并没有。。。一根线剧情够直白，编剧跟导演大写的：我不管我就是爱狗,21817627,3,2016-08-10,jmix
184,真实，但是真的不敢再看第二遍,26815163,5,2016-08-08,jmix
185,甜死啦！！！,26344688,4,2016-08-07,jmix
186,说教废话多演技浮夸剧本很有问题,1484091,2,2016-08-05,jmix
187,超级好笑！！！,5258869,5,2016-08-04,jmix
188,,26775543,4,2016-07-31,jmix
189,强烈推荐第一季这么脑洞大开的讨论两性关系剧竟然没什么人看，第二季收敛了挺多，不过依旧是熟悉的味道,26337359,4,2016-07-29,jmix
190,,24294882,,2016-07-28,jmix
191,看一眼减寿十年,26274328,1,2016-07-25,jmix
192,第一集就入佳境，80‘S’糅杂的元素，各种你能想到的怀旧套路偏偏融合的好，节奏把握很好一口气整个流畅看下来，剧组经费紧张高潮差一点瑕不掩瑜，最近最好的一部的美剧。最后薇诺娜真的没认出来演的有点过了。。。。。,26359270,4,2016-07-22,jmix
193,,26646030,5,2016-07-18,jmix
194,,26268851,5,2016-07-18,jmix
195,神经病番哈哈哈哈哈哈哈哈哈哈哈哈哈哈7月最好笑！！！！,26801048,5,2016-07-18,jmix
196,元气囝仔的真LOLI声优依旧还是那么可爱！！！师生恋后妈女高中生什么的题材看之前估计会戳雷点但是看下来竟然觉得有点温馨。。。。,26740223,4,2016-07-18,jmix
197,泰国GAY版非诚勿扰好多母货哈哈哈哈哈哈哈哈哈哈哈尺度比我想象的还大！！字幕组还是一如既往的拼哈哈哈哈哈哈哈哈哈,26802973,4,2016-07-15,jmix
198,,25729771,5,2016-07-11,jmix
199,两星半。模仿痕迹还是太重，吐槽不够狠放不开，有的点很尴尬。这节目本质就是洗白，试想要是四娘跟WULI韬上去了，那就没有洗不白的明星了,26830647,2,2016-07-07,jmix
200,,6874276,3,2016-07-06,jmix
201,泡面番。。。。,26776912,3,2016-07-05,jmix
202,,25701869,5,2016-07-03,jmix
203,,26742718,3,2016-06-29,jmix
204,童年啊！！！这片放到现在来看都脑洞奇大每一帧都是表情包哈哈哈哈哈哈,1794793,5,2016-06-24,jmix
205,这他妈是什么渣剪辑啊！贾乃亮负分滚科科,26797717,1,2016-06-22,jmix
206,根本停不下来！！！！,24843017,5,2016-06-20,jmix
207,编辑又嗑药了的脑洞系列,25825266,5,2016-06-18,jmix
208,真的好看，把出轨偷情拍出了纯爱的感觉。即使明知道三观不正就还是会被这么扯进去了希望在一起。。哎！未婚人士看多了这类婚后才遇真爱的戏码，对婚姻是真的很恐惧,25897313,4,2016-06-16,jmix
209,停不下来！！！！,24815958,5,2016-06-10,jmix
210,房间的小正太全剧演技担当，片子节奏把握有点问题，音效吓人的路子也略老套，以小孩子为卖点的惊悚片迄今为止能吓到我一点的只有孤儿怨了吧,25833913,,2016-06-10,jmix
211,栗山千明齐刘海阴郁少女印象太深入导致这剧我一看到她就有点出戏。。。成宫宽贵也太色气满满了吧！！！我一未婚的老看这种三观不正大面积婚外情出轨的还看得欲罢不能也是。。。。。。。,26738055,3,2016-06-09,jmix
212,本来是打发吃饭时间的，刚开始还嫌有点幼稚无聊没想到蠢萌蠢萌的渐入佳境啊，Rigby炒鸡可爱啊哈哈哈哈,20434014,5,2016-06-08,jmix
213,演技捉急，太羞耻了看不下去。。。,25716588,,2016-06-06,jmix
214,太贱，污的程度，像我这种看多了屎尿屁三俗大尺度的人，还是有超出我预料一些啊哈哈哈哈哈哈,25830732,3,2016-06-05,jmix
215,,26642149,4,2016-06-05,jmix
216,这是东方卫视拍的最好的【真人】秀,26295994,4,2016-06-05,jmix
217,孙红雷各种爱抢戏超级烦！恶意卖腐也是够恶心的,26615572,2,2016-05-30,jmix
218,,26387728,,2016-05-30,jmix
219,节奏很慢很慢的催眠番。。。。,26669291,,2016-05-23,jmix
220,,24532463,3,2016-05-10,jmix
221,这个逼装的我服气哈哈哈哈哈哈哈哈,26708698,4,2016-05-07,jmix
222,我操都是些什么鬼尤其筷子兄弟冯喆那对吴昕什么，第一集就被那个傻逼女吵的头疼！跟第一季完全没得比。唯一意外的倒是邓紫棋,26341742,1,2016-05-01,jmix
223,竟然还挺。。好看？李小鹏李安琪看爸爸回来了就知道恩爱的很，这对招人喜欢~~钟汉良钟家兄妹也不错~周韦彤这个整容作逼真是让人想上去给她几巴掌,26021814,3,2016-04-30,jmix
224,林依晨真是越看越喜欢性格太可爱了，陈楚河竟然！38！岁！了！完全还是少年的感觉。。。。。黎天王应该是来旅游的【。,26740041,,2016-04-25,jmix
225,本来想说节目组怎么会去找henry的想不通，现在看来韩国综艺那一套装傻充愣非常能缓和尴尬气氛，但是硬凑CP什么的太恶心了。宋丹丹倚老卖老。金晨姜妍除了傻笑就是傻笑存在感太低。新来的挑夫是个什么鬼呵呵~还是上一季的熟悉三人关系看着最舒服，这季整个一流水账没什么意思,26740606,2,2016-04-16,jmix
226,,26465507,4,2016-04-10,jmix
227,,25977887,4,2016-04-10,jmix
228,,24155702,4,2016-04-10,jmix
229,,10946655,4,2016-04-10,jmix
230,,26417533,3,2016-04-07,jmix
231,模仿能力超强有些段子笑疯掉！！！！,10441174,5,2016-04-04,jmix
232,只有5秒的快枪手交配哈哈哈哈哈哈哈这个纪录片萌的人不要不要的！,25899573,5,2016-03-31,jmix
233,嘴炮双关语段子梗什么的不是本土真的不能神领，靠翻译解释了就没那么好笑了。血腥镜头倒是比我想象中多,3718279,3,2016-03-25,jmix
234,好中二好中二好羞耻好羞耻就是看装逼耍帅每集20分钟加长版MV妈的我还看得这么开心！！！！,26589929,4,2016-03-20,jmix
235,,25918302,5,2016-03-11,jmix
236,,26433281,5,2016-03-11,jmix
237,哎。。。真的太烂了这季，我看评委内心大概每次都是WTF这个啥玩意？！麻烦第十季收官了这节目就彻底结束吧，老粉的心声！！！,26708303,2,2016-03-11,jmix
238,哈哈哈哈哈哈有意思,6827710,4,2016-03-10,jmix
239,哈哈哈哈哈三部全看过,26582786,,2016-03-08,jmix
240,续集怎么能难看成这样！,21937442,2,2016-03-08,jmix
241,,21359345,4,2016-03-08,jmix
242,这剧应该挺多人看着会挺有代入感挺难受的，还好我早已经过了这个阶段不然能打五星。会感觉就是自己或者身边的朋友。相貌身材都不怎么样谈了一个更不怎么样的男朋友，然后工作家人关系私人感情皆不顺，时常陷入自我厌恶的循环焦虑里还要自我安慰假装振作然后再次失败。,5998128,4,2016-03-08,jmix
243,老郭的加入太加分！就是第二季基本上快被东北二人转给霸屏了，南方的喜剧真的没人才了嘛。。。。。,26416328,4,2016-03-08,jmix
244,,25841993,3,2016-03-08,jmix
245,,26705307,3,2016-03-08,jmix
246,四星全给宋小宝,26362746,4,2016-03-08,jmix
247,黏土动画这么一帧一帧的做出来不容易啊，况且还是重口味的，台词一贯屎尿屁生殖器黄暴腔污污污，连个天使都会跳着钢管舞下地狱还不戴奶罩也是哈哈哈哈哈哈哈哈哈~,10746041,4,2016-03-08,jmix
248,真的是最不像迪士尼的迪士尼动画，毛发绒绒的逼真视觉感觉每秒都在燃烧经费还有工作人员们的心血，树懒&瑜伽裸体&BOSS那段预告片看了N次了正片还是笑翻，每一秒都不敢移开眼怕漏掉一个笑点！真的好看！！！花豹前台警官的原型真的不是摩登家族里的Cam嘛！！！！,25662329,5,2016-03-07,jmix
249,,26342546,4,2016-03-04,jmix
250,顶着你看起来很好吃2的头衔跟第一部完全没关系！！！萌也不是写实派也不是画风是个什么鬼！！！质量下降的不是一点两点，熬不过去10分钟关，适合学龄前看差不多~第一部真的是老少皆宜萌点泪点刷刷刷的太成功了,26317570,2,2016-03-01,jmix
251,“一生中，我有花不完的钱，而这并不使我幸福。”←有钱人的烦恼我们平民果然不懂，童年时代目睹母亲跳楼自杀，家族财产兄弟恩怨，比起这种理所当然的人物暗黑性格发展趋势，更像是一部电影。果然还是更爱隔壁的这才是残酷真实世界体制的制造杀人犯,26292143,4,2016-02-24,jmix
252,编剧早就疯了没逻辑的各种反转高能，心机婊心机屌们压根分不清是演技派还是真情流露混乱的一比。美国法律成了洒狗血的儿戏，知道剧情走向越来越瞎但是还是忍不住看下去的，这剧真的是头一部！！！,26113881,4,2016-02-22,jmix
253,,26386465,4,2016-02-11,jmix
254,OP跟ED都大赞！！！3D画风男主圆乎乎的脸加大眼意外的萌23333 最后一集真的燃爆！！！坐等第二季！！！！,26608268,4,2016-02-05,jmix
255,,1295280,4,2016-02-04,jmix
256,,1301445,5,2016-02-04,jmix
257,猎豹真的太萌了,3054150,4,2016-02-03,jmix
258,哈哈哈哈哈哈哈哈哈哈哈哈哈哈哈哈哈哈哈哈哈哈哈哈妈呀这剧太好笑了吧03年的剧啊就脑洞这么大的先进编剧好烦！！,1472988,5,2016-01-31,jmix
259,我以前还真没觉得小丑有什么creepy的点，但是这类题材看多了开始感觉到有点渗人了。。。。,25814897,3,2016-01-28,jmix
260,女主有点像小甜甜。。。9号秘事的男主。。。前半段完全是笨贼喜剧，后半段才是反转的恐怖片,2137130,3,2016-01-28,jmix
261,朋友，可以拍的很炫酷的题材拍成这样。。。。,4326412,2,2016-01-27,jmix
262,逻辑硬伤漏洞明显但是节奏掌控相当到位，07年的片子哪怕放在丧尸题材已经泛滥拍烂的今天来看，仍旧不错。这也是感染最快的丧尸只需要三秒钟。。。而且会变身超级赛亚人。。。,1758487,4,2016-01-26,jmix
263,欧美拉拉吴佩慈中了屌毒以后变异的故事。导演想通过这个故事告诉我们异性恋不戴套性行为是非常可怕的！,21348112,3,2016-01-26,jmix
264,,11604470,2,2016-01-25,jmix
265,浪费时间,6061437,2,2016-01-25,jmix
266,,26635722,,2016-01-23,jmix
267,拍得太差了完全浪费了这么好的主题！！,2160638,2,2016-01-23,jmix
268,挺无聊的,6053684,,2016-01-21,jmix
269,雷剧不配合AB站的吐槽是完全看不下去的，陈楚河真是撩妹高手吻戏吻的也太认真了吧老是吸上嘴唇什么的老脸通红的尴尬好嘛！！！豆瓣现在的评分真的不能当真太随意惹,26631994,,2016-01-20,jmix
270,,1302429,3,2016-01-19,jmix
271,韩国原版的没看，如果想要看好好做菜的这个节目负分滚出~这完全就是靠何炅一个人撑起来的黄色笑话+广告植入の八卦节目，大厨们真的好尴尬。。。。王嘉尔耿直BOY的人设有装傻的嫌疑但是还行不招人反感。,26677958,2,2016-01-14,jmix
272,,6788517,3,2016-01-14,jmix
273,差点因为名字错过这片，氛围营造的相当不错！这种猎杀反被猎杀的节奏掌控不好就容易变烂片，还有千万不要招惹学物理化的学霸。。。。,22266974,3,2016-01-13,jmix
274,其实可以拍的更重口更变态的，不过这种程度的已经很多人受不了了吧。。女主最后十分钟的反杀显得弱了点,3225319,,2016-01-13,jmix
275,就是你能猜到的所有老套励志温情剧情走线甚至连泪点在哪出现都猜得到但是仍旧会哭得稀里哗啦,26259677,3,2016-01-12,jmix
276,老爷子的吐槽真是笑死哈哈哈哈哈哈哈,10467774,4,2016-01-09,jmix
277,太美国本土化太多梗了，基本上蛮多人会看得不知所云的,4724460,,2016-01-08,jmix
278,曹颖家的儿子我竟然觉得长得有点像TOP。。。。。混血娃EVA胖嘟嘟的真是太萌了。。。。,26688471,3,2016-01-05,jmix
279,创意是好的，但是真的拍的太无聊了,25881628,,2016-01-04,jmix
280,舒淇一直让我出戏，夏雨烦的一比真的是用力过度，日本妹一出来我操这他妈真不是邓紫棋嘛【挥手   视觉效果凑合看勉强算得上合格的爆米花电影，这片子也就只剩下特效了，故事剧情演技都弥漫着尴尬的气息,3077412,3,2015-12-31,jmix
281,首页一大片的安利吃下，颜值好评打光好评，奇葩服饰布景寒酸都不能掩盖这剧的魔性，污毒但是看得真的很爽停不下来哈哈哈哈哈哈,26657015,4,2015-12-30,jmix
282,,26341048,,2015-12-23,jmix
283,这回人选颜值其实蛮高的，就是俩都太受了很出戏。。。演技也略僵硬。。。B站弹幕真的不能开，各位嘴都太毒笑炸裂！！,26341047,,2015-12-23,jmix
284,,26385630,5,2015-12-19,jmix
285,北村一辉真的帅的让人随时高潮,2032952,,2015-12-07,jmix
286,这部还挺好看的哎！！！北村一辉邪魅的太迷人了！！！柏原崇也是帅的不要不要的TAT,1926329,4,2015-12-05,jmix
287,,26356421,,2015-12-04,jmix
288,,26356420,,2015-12-04,jmix
289,,26348908,,2015-12-04,jmix
290,,26341318,,2015-12-04,jmix
291,,26101081,5,2015-12-02,jmix
292,太蠢萌了哈哈哈哈哈哈哈哈随处可截表情包！！！,22718154,4,2015-12-02,jmix
293,五毛特效,26326395,,2015-11-23,jmix
294,比起第一季的嘻嘻哈哈贱萌，这季明显开始走虐心了，Gretche的忧郁症，还真的有戳泪点,26087532,4,2015-11-21,jmix
295,最喜欢毕婧跟FOX，尤其毕头发漂浅以后真是绝了，绝对的超模脸,26597376,3,2015-11-20,jmix
296,剧情的经费在燃烧233333,26363228,4,2015-11-13,jmix
297,拍的太美了，小正太跟狗狗的碎碎念互动特别的有意思,25745494,5,2015-11-12,jmix
298,女主超好玩哈哈哈哈哈哈哈哈哈哈哈哈哈哈,26357829,4,2015-11-11,jmix
299,哈哈哈哈哈哈哈哈哈哈哈真正的霸道总裁爱上我苏的要死台词羞耻度爆表男主的颜撑起整部剧你们无聊的可以看看泰剧真的很好玩啊哈哈哈哈哈哈哈哈,26304971,3,2015-11-11,jmix
300,没有他俩拍的浪漫满屋好看。。。,26219419,3,2015-11-08,jmix
301,哦是我E大主演，爸爸演的真好啊~~小姑娘演技也杠杠的，不过片子的确小成本五毛特效，细节还不错结局小反转，别人都是丧尸病毒这片是绿巨人病毒233333,10604554,3,2015-11-05,jmix
302,不行，从第二集开始就不想看了。。。是要整成GAGA的MV系列了吗,26133490,,2015-11-03,jmix
303,,10810336,3,2015-11-02,jmix
304,美国甜心的黑历史啊这片哈哈。。。当恶搞青春片看看还成,1304196,3,2015-10-26,jmix
305,咋能那么好看一口气顺畅啊！！,25884422,5,2015-10-24,jmix
306,什么玩意。。。。。,10733357,2,2015-10-20,jmix
307,Excuse me？？TOP3又他妈黑幕哦再见吧！！Scott跟Jordan都比Evan强好嘛！！,26543166,3,2015-10-16,jmix
308,要啥剧情要啥剧情，钱老板的肉体狼叔的肉体，妈的没有一个女人能把持的住啊！！！！孔雀真正是最拼的基佬为了女性福利如此卖肉CEO还好吗2333333其实第一部浪的更彻底，看多少遍都血脉喷张，这系列两部硬盘永不删！！！,11541282,4,2015-10-14,jmix
309,没有第一季好看。。,26628921,3,2015-10-12,jmix
310,这番屌炸了就是百合里番哈哈哈哈哈哈哈哈哈哈,26349452,,2015-10-12,jmix
311,到底是如此做到不笑场的演技HOLD住那么无耻的台词的啊哈哈哈哈哈哈！！！,3318306,4,2015-10-05,jmix
312,,1295797,5,2015-10-05,jmix
313,,26598368,4,2015-10-05,jmix
314,全片最赞也就只是开头那段独白了。后面整体太无趣无聊了,6021916,3,2015-10-04,jmix
315,真心讲是我最爱的台湾综艺没有之一，跟大小S一起主持的那几年绝对是经典，宪哥综艺天王不是吹的嘴皮子反应超级快梗超级多超搞笑为何现在如此FLOP也全是自己作的死~~~~哎,5240759,5,2015-10-04,jmix
316,骚肉体浪啊浪啊啊啊啊~~~~~看啥剧情！！！全程看肉体！！！多拍点这种片子为女性服务好嘛！！！！,6383498,4,2015-09-26,jmix
317,没什么新意,24750968,,2015-09-18,jmix
318,动画音乐剧。。就不能好好演别唱了嘛！！真的很烦这类型包括冰雪奇缘,26258752,,2015-09-18,jmix
319,AV画质，玛丽苏意淫乙女向游戏√ 羞耻的台词羞耻的演技羞耻度MAX！更魔性的是我竟然没快进看完了哈哈哈哈哈哈哈哈哈哈哈哈哈哈哈,6804367,3,2015-09-16,jmix
320,一集弃，人设跟画风是很萌，但是三观简直呵呵哒。真干物女哪会这么作！！！,26282460,,2015-09-11,jmix
321,,26574999,3,2015-09-11,jmix
322,,2138885,,2015-09-10,jmix
323,,1959155,,2015-09-10,jmix
324,好无聊好拖沓,3258461,,2015-09-10,jmix
325,,25714350,3,2015-09-10,jmix
326,,26182912,,2015-09-10,jmix
327,最疯狂的一季,10786026,4,2015-09-06,jmix
328,,2045928,,2015-09-06,jmix
329,欢迎回来！！！！！！！！！,26287119,5,2015-09-03,jmix
330,其实只有第一集是真正的我想过无数次的如果一觉醒来全世界只剩我一个人的情节。。后来人一多就开始瞎闹腾，剧组经费真心足够烧，男猪脚各种死命作其实也只是为了来一炮也挺可怜。。Carol逼逼叨叨的虽然惹人厌但！是！竟然是开心汉堡店里露易丝的声优啊啊啊啊啊啊啊一张嘴我就乐了！！！！！,25829451,4,2015-09-03,jmix
331,画面是真的美，黑暗童话向剧情也挺扯。公主跟怪物男那对CP其实有萌点可惜结尾真是一声叹息,25767747,3,2015-09-02,jmix
332,萌萌萌萌！！！！！！,26528597,5,2015-09-01,jmix
333,屎尿屁黄暴卖肉无下限爆炸笑点还高能反转走剧情的完全停不下来哈哈哈哈哈哈哈 ！！！,26581142,5,2015-08-24,jmix
334,这季尴尬的点太多，金星没了提前背好的剧本基本没什么内涵，高晓松不在真的太可惜。,26323567,,2015-08-24,jmix
335,,1305306,,2015-08-23,jmix
336,,1305903,4,2015-08-22,jmix
337,,25890358,4,2015-08-21,jmix
338,小兔老师都第三季了你还是这么萌,25716109,4,2015-08-21,jmix
339,邹市明跟胖轩已经变成是最大的看点了。。这对真的太好玩了！,25984531,,2015-08-21,jmix
340,为什么朱茵跟林青霞要参加这种节目，跟张含韵这种等级的一块呵呵，杨钰莹假的不要不要的！！宁静跟蔡少芬还是真实的最讨喜，娜扎跟朝阳V姐是奔着洗白来的吧？你们别说，没有谢娜这种丑角来调节气氛还真的不行。还有，游戏环节真他妈太无聊了。,26261184,2,2015-08-21,jmix
341,竟然看过,1296206,3,2015-08-20,jmix
342,,25834945,,2015-08-20,jmix
343,。。。。。。,21328120,2,2015-08-20,jmix
344,拍的还挺像模像样的纪录片意外的萌啊哈哈~,25794230,4,2015-08-19,jmix
345,,10546666,3,2015-08-19,jmix
346,死金硬核OP 来自地狱的边牧哈哈哈哈哈哈哈哈,26021869,5,2015-08-17,jmix
347,,1764842,3,2015-08-16,jmix
348,王平仲&青山周平男神！！,26576624,5,2015-08-09,jmix
349,,26257312,3,2015-08-06,jmix
350,我还蛮喜欢这个系列的,21349734,3,2015-08-06,jmix
351,设计师们都超棒！每次看到那么点的地方跟那么少的预算，真的设计师太牛了,25942176,5,2015-08-05,jmix
352,,1292228,,2015-08-05,jmix
353,全是植入广告跟生硬黄笑话，烂！,25717233,2,2015-08-04,jmix
354,简直就是喜剧大师。。。每集水平参差不齐大部分是难看的，配合B站吐槽简直笑！翻！天！,1760775,,2015-08-01,jmix
355,CULT片，正片57分开始，人形缝合恶心的海象。。。。。导演到底是有多痴迷海象啊啊啊！！,25770733,,2015-07-30,jmix
356,看译名本来以为是无脑青春片，万万没想到是个心酸成长片竟然看哭了。。。脱衣舞那里简直羞耻度MAX噗~~面粉袋宝宝表情每次都好萌，80年代BGM带入实在棒,3011094,4,2015-07-30,jmix
357,。。。。超级扯蛋片一堆眼熟人加盟还是不知道说什么好【挥手,3104798,2,2015-07-29,jmix
358,,24746974,,2015-07-29,jmix
359,哈哈哈哈哈哈哈哈哈哈哈太萌了！！！！！！！,11810348,5,2015-07-29,jmix
360,梅根的演技真叫人捉急，真的是无法从龟鼻孔上移开目光啊！爆米花片子还有点无聊，两星半,3217149,3,2015-07-27,jmix
361,,1307853,3,2015-07-26,jmix
362,每集一个独立的恐怖小故事，所有恐怖片老套经典元素都全了~每集水准也参差不齐整体不算吓人，当做消遣看看不错的,3008721,3,2015-07-24,jmix
363,天厚到底都是从哪里找来的这些母货们啊！资质都太差了！看的尴尬症狂犯！还有韩国那套自成一派变态的练习生训练法则真的不适合中国人,26363837,1,2015-07-23,jmix
364,当年每次看都笑得打滚,25890051,5,2015-07-23,jmix
365,,26341777,5,2015-07-22,jmix
366,拖拖拖沓,25847485,3,2015-07-22,jmix
367,这是DRAMA变TV化么。。。人设太娘略出戏【。但是戴耳机立刻就耻耻耻羞耻感啊啊啊啊睡前听还睡个屁啊！！,26381226,3,2015-07-16,jmix
368,重口味无节操的开胃小菜，画风多样的太有爱了！！！,25784391,5,2015-07-15,jmix
369,还是更喜欢第一部,1309097,,2015-07-15,jmix
370,乱炖失控但是真的够CREEP，血腥畸形虐杀氛围压抑欲罢不能啊！音乐赞,1302604,4,2015-07-15,jmix
371,英式幽默,2049667,3,2015-07-15,jmix
372,吸血丧尸公路片，不是无脑血腥片本质是个小文艺片呐~,3824357,3,2015-07-14,jmix
373,经典老物的坑总算填完了,1427980,5,2015-07-14,jmix
374,其实有点无聊,19957083,3,2015-07-14,jmix
375,屎尿屁的片子哈哈哈哈哈哈。。。女人间的友谊有些时候还真的蛮作的， anyway，有共鸣,3880545,4,2015-07-12,jmix
376,看杰森斯坦森演一个爱吹牛逼的白痴，台词真的很有意思尤其粗口哈哈哈哈哈哈哈,25752261,4,2015-07-11,jmix
377,压抑,5159993,4,2015-07-11,jmix
378,这片子属于极端型，看不懂的会打零分，看得懂吐槽的就会打五分。。。。涉及的梗真的太多了。。。,10581946,,2015-07-10,jmix
379,B级片恶趣味吐槽,6742626,3,2015-07-10,jmix
380,这季只有三集但是好多泪点。。。啊终于完结了TAT 结尾的Creep一出来简直了。。。,26318120,4,2015-07-09,jmix
381,比第一部烂太多！！！,4708013,2,2015-07-08,jmix
382,,1826749,,2015-07-07,jmix
383,诡异的BGM配合诡异的家庭录像带真的有点渗人啊。。。。氛围营造的还可以，就是小孩子一出现立刻又跳戏了= =#恐怖片里不能有小孩一出现立刻觉得一点都不吓人变无趣的我#,6875615,3,2015-07-07,jmix
384,期望越高失望越大。90分钟的电影将近48分才开始进入正题，节奏太拖沓！该高能的地方没高能，文艺有余惊悚暗黑太不足，不知道为啥每次恐怖片只要氛围烘托的不错下一秒就可以高潮但是小孩子一出现我就顿时泄了。。。#真的我看咒怨那小孩都会出戏笑场#,6780857,3,2015-07-07,jmix
385,求皮克斯告到底吧呵呵,26416155,1,2015-07-07,jmix
386,,10740264,4,2015-07-06,jmix
387,,2132486,2,2015-07-06,jmix
388,,1972732,3,2015-07-06,jmix
389,,1416850,3,2015-07-06,jmix
390,,3075070,5,2015-07-06,jmix
391,,1422950,,2015-07-06,jmix
392,蔵之介应该要更妖孽一些啊。。。,25861695,3,2015-07-06,jmix
393,男主的脸跟身材应该是很多基佬的天菜,26307786,,2015-07-02,jmix
394,,3011617,4,2015-07-01,jmix
395,一边维持惊悚的氛围一边还能笑出声，神展开的恶趣味啊233333,25909566,4,2015-07-01,jmix
396,白瞎了那么渗人的娃娃，一半时间都在废话，烂片！,25812885,1,2015-07-01,jmix
397,,5339081,4,2015-07-01,jmix
398,瞌睡。。。我天这个系列无聊到爆！,10485526,,2015-07-01,jmix
399,看得我差点睡着！！,20501030,2,2015-06-29,jmix
400,哈哈哈哈哈哈哈哈哈哈哈哈哈哈哈哈,26331236,4,2015-06-26,jmix
401,,24405378,4,2015-06-26,jmix
402,,26378035,4,2015-06-24,jmix
403,卧槽太疯了完全没有喘息的机会！没有一句废话全程高潮。。。。,3592854,5,2015-06-24,jmix
404,几千年不看韩国，但是这剧的尺度真心惊着我了哈哈哈哈哈哈！！！！竟然还有非首脑会谈里的他哭呀演BL真的好嘛哈哈哈哈哈哈哈哈哈哈哈,26334229,4,2015-06-17,jmix
405,比预期的要好，人妻律师无辜的样子超萌，真的够傻白甜啊23333,25757780,3,2015-06-16,jmix
406,宁静真的是黑转路转粉超级神奇的一个人啊！！而且衣服搭配好看！！,26261188,,2015-06-15,jmix
407,关注了下两位导演的作品。。恩大闹天宫。。恩冰封重生之门。。。恩除了胖子的其他演员。。。。恩欢瑞世纪的特效【参见古剑奇谭】。。。恩我真的是太期待能把原著毁成什么样了：）←我之前的评价成真了哈哈哈哈哈哈哈哈,25907063,1,2015-06-13,jmix
408,故事情节虽然老套但是大银屏观影效果实在太好！一定要去电影院看！迅猛龙跟霸王龙的小短手太萌惹233333,10440138,4,2015-06-12,jmix
409,知道你过得不开心，我就开心了:),3731626,4,2015-06-08,jmix
410,不要讲逻辑，有几处台词真的让我立刻出戏笑出声,3212400,3,2015-06-07,jmix
411,,1304643,4,2015-06-06,jmix
412,,1293702,4,2015-06-06,jmix
413,,1292523,5,2015-06-06,jmix
414,反派男2追杀了男主角和女主角一整季，竟然是为了强奸男主角，然后，他得手了。←哈哈哈哈哈哈哈哈哈哈哈哈哈,24858152,,2015-05-31,jmix
415,"真的烂，两星全给打戏部分，节奏完全不对，无聊干瘪的人物对白让我跟我朋友在电影院里是昏昏欲睡，要知道第一部我俩看的可嗨（ ´,_ゝ｀）还有红色斗篷那位朋友，你穿着超人服是不是走错片场了！一出来槽点简直【。",10741834,2,2015-05-23,jmix
416,奥莉的镜头太少了差评差评！！甜馨的表达能力真的惊人好好笑跟贾乃亮每次都是二人转的节奏。。。其他都是什么鬼郑钧跟霍思燕的完全浪费时间快进快进！然后唐志中家一对比房子好小好乱顿时对湾湾艺人有种心酸感【。,26351089,3,2015-05-17,jmix
417,刘烨当年眼神水的荡漾死人像个小宠物,1308076,4,2015-05-16,jmix
418,男主演技真的太拼了吞鸡头！！！渣攻啊渣攻！！片子基调很悲伤。。,1994576,4,2015-05-12,jmix
419,,24750126,4,2015-05-12,jmix
420,,25977868,5,2015-05-06,jmix
421,满屏幕满满透出来的尴尬。。尴尬症发作。。。乔任梁太油腻太恶心了！！只追石榴夫妇这一对，刘雯上镜动态比照片好看超多！！跟崔始源配一脸看的我少女心大爆发！！！,26322780,,2015-04-29,jmix
422,哎还挺好看的！本来很期待金星的毒舌指导，不过事实证明她真的不适合当模特导师。。。。。。,26322765,3,2015-04-26,jmix
423,剧情跟他妈屎一样，演技也是捉急，各种莫名其妙让人犯困看到三分之二实在受不了关了！,25765830,2,2015-04-26,jmix
424,,25862666,5,2015-04-18,jmix
425,喵喵喵喵萌出血新境界哈哈哈哈哈哈哈哈哈,26353374,4,2015-04-10,jmix
426,,4824512,3,2015-04-08,jmix
427,大白萌哭！！！！！！！！！！！,11026735,5,2015-04-08,jmix
428,叽叽喳喳的吵死了 发情期吗 你们这群家伙←06年首播的台词一出立刻泪目！！！欢迎回来！！！！！！！！！！,26275732,5,2015-04-05,jmix
429,太拖太拖太拖沓了！！,1872628,3,2015-04-05,jmix
430,,25698193,3,2015-04-04,jmix
431,要洗白先自黑这招真的很招人烦~各位对JB简直太温柔吐好轻没放开，丫念洗白稿时候摸鼻子舔嘴唇简直心虚的可以，以及JB都残成这样了还有人说帅？！,26341155,3,2015-04-03,jmix
432,,25966180,4,2015-03-29,jmix
433,当M遇上S。。。其实结局算烂尾吧,1307490,3,2015-03-27,jmix
434,第一次看一部三级片笑成傻逼的怎么能烂成这样哈哈哈哈哈哈哈哈哈哈哈哈哈哈哈哈哈,26279166,1,2015-03-23,jmix
435,剪辑的真的太烂了！！！乱糟糟晃得眼晕，还不如去年的花样爷爷，一手好牌打得烂成这样。。。主要是想看林志玲的，情商真的很高←硬生生的为志玲姐姐从两星提高到了三星,26292732,3,2015-03-23,jmix
436,VIolet小蛮腰道姑头美死噜美死噜！男装女装都秒人！pearl的下垂眼鼻环造型也是戳中红心！！max真的很像上一季milk的复制版，这仨的逆天大长细腿啊~~~~~~,25985805,4,2015-03-20,jmix
437,第一集就预示着整部走向够无聊。。。艾薇儿同款妆容简直2333CW出品的剧真心叫人连吐槽的欲望都没有【。,25845205,2,2015-03-19,jmix
438,,20414466,4,2015-03-18,jmix
439,中间睡过一段，这种完全忠于原著童话的剧情是再也激不起任何少女心，真的比较适合15岁以下观看。如果没有后妈凯特以及王子的胯下一包压根无法撑过全场【。,6875263,,2015-03-17,jmix
440,哈哈哈哈哈哈黄爆,5975373,,2015-03-16,jmix
441,,11516693,3,2015-03-13,jmix
442,,25875022,5,2015-03-12,jmix
443,,21397358,,2015-03-12,jmix
444,BGM太赞惹！！！！,25832936,4,2015-03-12,jmix
445,纯粹是冲着一票萌物去看的，卡拉打架原来那么凶残！！白鲸真的萌死人了！！！！,26287377,4,2015-03-12,jmix
446,,25899455,4,2015-03-07,jmix
447,一本正经的胡说八道胡扯的剧情啊233333,26320193,4,2015-03-07,jmix
448,竟然有各种漏点这片尺寸也太大了吧！！！跟A片没差了！！,25788112,2,2015-03-05,jmix
449,,25851658,4,2015-03-04,jmix
450,,1308810,,2015-03-03,jmix
451,,1307695,,2015-03-03,jmix
452,,1292790,,2015-03-03,jmix
453,,1316505,,2015-03-03,jmix
454,,1316563,,2015-03-03,jmix
455,,1303751,,2015-03-03,jmix
456,,1463033,,2015-03-03,jmix
457,,1395357,,2015-03-03,jmix
458,这种晋江十八线小透明随便写个玛丽苏狂想文都能秒掉的剧情啊！！女猪脚眼袋没人帮忙修下嘛！而且唇色略深好想帮她漂下。。。男猪脚演技超生硬邪魅总裁本质完全出不来！烂到不能再烂的片子【挥手,24840488,1,2015-02-28,jmix
459,哈哈哈哈哈哈哈哈哈哈哈哈哈,26331937,2,2015-02-28,jmix
460,,3736158,4,2015-02-28,jmix
461,身为老粉完全都没耐心看了，快进快进！噱头阵仗是越搞越大，选手水平是惨不忍睹。。。FS还是趁早收官吧，真的别再伤害群众感情了【。,26265951,,2015-02-27,jmix
462,,25955872,4,2015-02-25,jmix
463,超慢热还一点都不热血还自带软萌妹属性的男子学院日常片果然追不下去呢【挥手,6026035,3,2015-02-25,jmix
464,最喜欢那只猪！！！！！,25865469,,2015-02-23,jmix
465,,26285155,,2015-02-23,jmix
466,无论蟑螂再怎么拟人萌化还是好恶心！一律拍死！,5948669,,2015-02-22,jmix
467,啊哈哈哈哈这都什么鬼的本质下其实是治愈番。。。。,25912261,3,2015-02-21,jmix
468,,26235189,4,2015-02-21,jmix
469,比第一季还要赞！！！！！,25846907,5,2015-02-21,jmix
470,撕逼还撕的不够狠呐，还有rapper之间实力相差也有点大。最喜欢JESSI！！！！！真的太神奇本来对她很不待见后来慢慢发现就是个咋咋呼呼有话直说的ABC傻大姐形象萌的不行一路转粉了！！！！,26322987,3,2015-02-21,jmix
471,我天快被袁咏仪的颜艺给笑死了！！！！,26287965,4,2015-02-20,jmix
472,我也好想当高等游民啊23333编剧的脑洞实在太大嘴炮经典台词截图都截不过来！！这对真的是羞耻PLAY的太激萌啊！！！,26271868,5,2015-02-17,jmix
473,燃燃燃！,26266666,5,2015-02-07,jmix
474,,5240094,4,2015-02-07,jmix
475,血腥特效醉了醉了，又假又凶残233333绝对是港片里的cult片始祖啊！！其实本质是烂片，但是放到现在来看都很唬人！,1308912,4,2015-02-05,jmix
476,,26314504,3,2015-02-05,jmix
477,在电影院看的哈欠连天昏昏欲睡，唯有李佩佩的脸出现时才能勉强一亮。三部曲最差收尾太遗憾。连我朋友那种枯燥文艺片都看得进的人都嚷嚷着这片豆瓣都能上八分？！真的都是赚的感情分。话唠拖沓无聊无剧情，恩两星全给李佩佩【。,2973079,2,2015-02-04,jmix
478,这都什么鬼脑洞。。。。。,26314420,,2015-01-31,jmix
479,没有电视剧好笑,25922141,3,2015-01-30,jmix
480,OP大！差！评！剧情还是那么拖拖拖完全消磨掉了追下去的热情，弃！,26113806,2,2015-01-29,jmix
481,,25827205,,2015-01-27,jmix
482,李佩佩女装美CRY！！！举手投足间都是满满的女！人！味！没！有！任！何！违！和！感！妖精啊！！！竟然是真人真事改编。。。好虐好悲情。。。,1773216,4,2015-01-26,jmix
483,心机婊的婚姻实在是太可怕了【。,21318488,4,2015-01-24,jmix
484,,25947054,5,2015-01-19,jmix
485,,20266598,4,2015-01-19,jmix
486,够碧池够喜欢翻白眼的选手才能出彩我天这个节目也是叫人2333333,26177736,4,2015-01-14,jmix
487,全程笑点！！梗超多啊哈哈哈！！近几年看过的最温馨好笑的法国电影！！,25867546,4,2015-01-12,jmix
488,,25750969,3,2015-01-09,jmix
489,这对萌死啦啊喂！,25834460,4,2015-01-07,jmix
490,啊哈哈哈哈反转剧,26287879,4,2015-01-04,jmix
491,五毛钱特效演技浮夸雷萌雷萌的糙剧B站看的快笑死！！！,26292926,,2015-01-03,jmix
492,,25757189,5,2014-12-24,jmix
493,,25879091,5,2014-12-24,jmix
494,,11537954,5,2014-12-24,jmix
495,,25851541,,2014-12-24,jmix
496,,25850705,,2014-12-24,jmix
497,果然被砍了【。,25884510,,2014-12-24,jmix
498,,25774052,,2014-12-24,jmix
499,剧本太烂，演技太捉急，不过仍旧不影响我的基情痴汉脸【。,25881609,,2014-12-23,jmix
500,比第一季好看！！果然副线配角们的故事线都展开以后整个就饱满太多了~,24859431,4,2014-12-20,jmix
501,我小时候看的东西还真广哎！,2051402,5,2014-11-27,jmix
502,当年真的被林嘉欣吓得不轻。。。本来那么甜姐儿但是神经病演起来真的好带感！！真的很适合演恐怖片！！,1303184,4,2014-11-20,jmix
503,全片高潮只需要看33分以后的吸尘器PLAY配乐也真是绝了【。,5502109,1,2014-11-19,jmix
504,低成本的血腥恶心路线,3217669,3,2014-11-19,jmix
505,,25851662,3,2014-11-16,jmix
506,还是一如既往的重口跟好笑超棒的啊哈哈哈哈,25782549,5,2014-11-15,jmix
507,You're the worst person for others，but you're the best choice for me.,25783962,5,2014-11-03,jmix
508,我天我好喜欢这季！！！！！！这季真心是四季里面最压抑绝望感最足的！！！美恐每季的片头都做的好棒好棒！！！！！兰姨的每道皱纹里都是演技啊！！！！！！,25764369,5,2014-10-30,jmix
509,,6755897,,2014-10-27,jmix
510,慢热，台词思想的深度简直了。这种神棍片就适合自己一个人独处的时候看,10748120,5,2014-10-19,jmix
511,我擦好久没对棒子的综艺节目感兴趣竟然对这个节目中毒了！！！澳洲纹身小盆友简直嫩帅到没天理！英国走太早，替代的德国好温柔，比利时好吵，美国优等生，加纳好搞笑，加拿大法国萌萌哒，日本最弱存在感。其实本来对代表中国的张玉安不是很有好感直到跟埃及吵架那集23333最爱毒舌犀利的土耳其小哥！！,25939031,5,2014-10-18,jmix
512,青光眼白内障女主呵呵。白瞎了CV，一集弃【。,5967021,,2014-10-18,jmix
513,少女心再次被熊熊燃起啊_(:з」∠)_,25861696,4,2014-10-14,jmix
514,这是科幻片么！这简直就是喜剧片啊！这逗逼脑洞胡乱开挂的剧情跟拍摄手法简直吐槽的停不下来啊！韩国跟台湾部分跳戏跳的快笑死，真不敢相信是吕克贝松拍出来的东西。。。,24404677,2,2014-10-13,jmix
515,不能因为是泡面番就随便啊！！这种设定本来应该很萌的。。但是。。。违和的声优还有画风。。。就算是基佬番都拯救不了了_(:з」∠)_,25885783,,2014-10-11,jmix
516,。。。。挺傻逼的喜感，没什么意思,10509923,,2014-10-06,jmix
517,别拿Walking Dead来比较，完全不是一个档的，真的看不下去如此五毛钱的特效以及演员浮夸僵硬的演技。。。。,25947610,2,2014-10-04,jmix
518,高开低走节奏太慢太拖，竟然还在其中一集来了场激情戏实在太囧太出戏。弃。,23116614,,2014-10-04,jmix
519,妈呀真好看！！！！！,1763834,5,2014-09-29,jmix
520,,1299153,5,2014-09-26,jmix
521,,1297929,3,2014-09-26,jmix
522,,1293792,5,2014-09-26,jmix
523,,1300868,5,2014-09-26,jmix
524,,1578502,3,2014-09-26,jmix
525,,1308769,4,2014-09-26,jmix
526,http://v.ku6.com/show/qS9onzZ65gR4OvtyXCVoLA...html啊哈哈哈哈哈哈哈好可爱的JJ,25736560,5,2014-09-26,jmix
527,,2030535,3,2014-09-20,jmix
528,超级好笑的！！！,2969883,5,2014-09-19,jmix
529,十足十的童年阴影。。。。老戏骨那个眼神真的绝了抖三抖啊！！！导致现在看冯远征演任何戏都能看到安嘉和的影子(;￣Д￣),2148374,4,2014-09-13,jmix
530,大概看过有几十遍。。。。,1292213,5,2014-09-13,jmix
531,,1302977,,2014-09-13,jmix
532,星爷的片子竟然真的看全了。。。。太神奇了。。。。,1298644,5,2014-09-13,jmix
533,,1299680,,2014-09-13,jmix
534,,1297863,4,2014-09-13,jmix
535,当年还是帅帅的星仔呢2333333,1302090,4,2014-09-13,jmix
536,,1300498,4,2014-09-13,jmix
537,啊哈哈哈哈练习骂战那段真的太经典了,1297518,5,2014-09-13,jmix
538,能把喜剧跟恐怖融合的这么好的真的只有周星驰！,1299765,5,2014-09-13,jmix
539,巩俐其实真的不适合演喜剧= =,1306249,4,2014-09-13,jmix
540,经典经典经典经典经典经典,1299398,5,2014-09-13,jmix
541,才发现星爷的片子我居然全部都看过，都不止一遍至今都还有很深的印象,1307739,4,2014-09-13,jmix
542,莫文蔚大大大好评！！！！,1293351,5,2014-09-13,jmix
543,当年一直以为徐娇是个男孩纸。。。。。,1961963,4,2014-09-13,jmix
544,当年没在内地上映真的太可惜了！！！！“做人如果没梦想，跟咸鱼有什么分别？”,1297747,5,2014-09-13,jmix
545,真的笑的好开心的！,1291543,5,2014-09-13,jmix
546,永远记得星爷那执着的眼神【我是一个演员】还有那本【演员的自我修养】,1302425,5,2014-09-13,jmix
547,,25700671,4,2014-09-07,jmix
548,这种身高差的BG竟然看着好萌_(:з」∠)_关西腔真的好有意思哎,2228522,4,2014-09-04,jmix
549,,1460919,4,2014-08-22,jmix
550,,1906391,4,2014-08-22,jmix
551,,1465429,4,2014-08-22,jmix
552,,1875435,,2014-08-22,jmix
553,,3062263,3,2014-08-22,jmix
554,啊哈哈哈哈哈哈哈那些年我看过的BL动画,2997402,,2014-08-22,jmix
555,啊哈哈哈哈哈哈哈那些年我看过的BL动画,2378649,,2014-08-22,jmix
556,又把获过艾美奖的Vince叔淘汰了哦呵呵呵呵，为老不尊真特么不是头一回了啊【摔！又想起了我ROY叔。。。看好的基本上就Cig了，打扮真是讨喜！！另外这季耳扩唇钉纹身彩色头发真多啊= =Keaghlan真的好像偏MAN版的水果姐。。。,25879023,,2014-08-14,jmix
557,,25943173,3,2014-08-09,jmix
558,有些台词还蛮有意思的,25885376,,2014-08-05,jmix
559,#父母皆祸害#,6120832,3,2014-08-05,jmix
560,啊哈哈哈哈哈哈哈哈哈哈哈,20443015,5,2014-08-03,jmix
561,黄暴贱萌的下限又被刷新，像我这么猥琐的人已经完全停不下来,6874283,5,2014-08-02,jmix
562,OP不能再带感看弱受如何变总攻黑化的好燃！！！,25813403,4,2014-08-01,jmix
563,,25823118,,2014-08-01,jmix
564,完全不关屎一样的第二季什么事这点真是太棒了,25813409,4,2014-08-01,jmix
565,NARU太萌了！！傲娇又爱炸毛的书法33wwwww岛上的大家都萌萌的啊！！！这番简直不能更治愈！！！,25731203,5,2014-08-01,jmix
566,这季Bill亲自上做导演看来是要全灭的节奏。。。最后一季最后一季撑着算有始有终的看完吧！以前真心是我最爱之一的剧，可惜高开低走如今剧情已经完全失控【扶额,24860342,,2014-07-30,jmix
567,真的纯粹就是为E大撑下去这部剧了。。。这剧已经完全失控了,10867438,3,2014-07-30,jmix
568,萌！！！,1291560,5,2014-07-23,jmix
569,哈哈哈哈哈哈哈哈哈哈哈哈哈哈哈哈哈哈哈哈哈哈哈,25923510,1,2014-07-20,jmix
570,完全不知所云乱七八糟的剧情天呐，弃！,20491281,2,2014-07-18,jmix
571,真琴天使wwwwwwww,25819704,4,2014-07-17,jmix
572,皮叔跟TORY都走了的一季啊。。。。虽然整体水平是真的有下降但是还是心头肉啊不会弃的！砍了又复活的惊喜！！！！期待第六季！！！,24697596,4,2014-07-13,jmix
573,第一集看的一身鸡皮疙瘩。。。各种作各种假。。。浙江卫视你有钱也不是这么乱砸的吧我天整个四不像！,25864150,1,2014-07-13,jmix
574,基佬番真是太棒惹233333333333,24721406,3,2014-07-10,jmix
575,弃。太乱了。。,22992200,,2014-07-06,jmix
576,这个画风。。。。。也没有Q版脸。。。。声优各种槽点。。。。我还是重温老版去了,11498786,,2014-07-06,jmix
577,,24713625,5,2014-07-04,jmix
578,深夜剧的尺寸果然啊。。。。。= =,25858737,,2014-07-01,jmix
579,shane帅哭！！！！！！！！！,1397345,4,2014-06-28,jmix
580,曾老爷子果然是典型的处女男= =喜欢牛老爷子的性格超好玩,25885378,,2014-06-26,jmix
581,脑洞开好大不能更萌！！！！,4741311,5,2014-06-26,jmix
582,慢慢变吴妈还有Feynman的粉了。。。JOE好可爱的暖男！！！,25826679,3,2014-06-23,jmix
583,哈哈哈哈哈哈哈哈,21334420,3,2014-06-19,jmix
584,大！坑！爹！我说导演你可真行啊愣是把一部以经典怪兽为噱头的大片拍出了一堆废话连篇不知所云廉价情感以及人类真是愚蠢无能呵呵后啊的赶脚←눈_ 눈两星全给史上最胖萌小短手我大FFF团全片露脸不超半小时的哥斯拉【。可惜老白的演技了！！,2063914,2,2014-06-14,jmix
585,每个人画风都不一样= =新吧唧穿越的阿宅励志向。。。,20471103,3,2014-06-13,jmix
586,儿童版FACE OFF,25851580,,2014-06-10,jmix
587,啊哈哈哈哈哈哈哈太逗了三分钟太短了完全不过瘾啊！,24844328,5,2014-06-10,jmix
588,可能毁三观的东西看太多了这类乱伦虐待的题材没惊到我。。。节奏很慢特别的注重细节氛围有些人会觉得沉闷吧http://www.bilibili.tv/video/av1174550/index.html,24872943,3,2014-06-07,jmix
589,贾乃亮个傻逼。。。作的厉害完全看不下去！威廉弟弟是好评率最高的了，奥莉跟NAINAI天呐俩萝莉萌哭了！！！！！！生女儿就要生这样的啊！！！！,25868112,4,2014-06-06,jmix
590,吻戏让我看的想报警呵呵。。太恶心了！！,25741644,2,2014-05-30,jmix
591,,6776051,4,2014-05-26,jmix
592,,21815115,5,2014-05-25,jmix
593,最爱路易斯了！！！！！,19971631,5,2014-05-25,jmix
594,这一季的颜都是逆天啊！！！！还有腿！！腿！！Bianca的毒舌超让人欲罢不能啊哈哈哈哈哈哈！！adore太贱萌了。。。,25831435,4,2014-05-14,jmix
595,给个感情分吧。。国产片拍这种题材也不容易啊。。。虽然到了电影三分之一处我就知道这是个催眠别人反被催眠的套路，情节太弱逻辑前后矛盾糊弄观众智商啥的。。。倒是莫文蔚真的越看越有味道一点都没变老哎。。。,24743711,3,2014-05-10,jmix
596,烂片+烂人 一星走好不送：）,24736526,1,2014-05-08,jmix
597,,20506276,4,2014-05-08,jmix
598,妙蛙种子龙萌哭了TAT,2353023,4,2014-05-03,jmix
599,特么第一集就笑CRY了！！男主们出现自带开花特效以及美少女战士一样什么鬼的神变身，纵观全剧只有女主是正常的【真的是乙女向嘛【捶桌 女主的任务大概就是：将这群配对好的基佬，都给我掰直了！,25789372,,2014-04-25,jmix
600,Finn男神还是萌我一脸！！这季虐梗加多了。。对胖妞Rae也真的有种no zuo no die恨铁不成钢的赶脚了啊！其实跟Lima挺般配的。。。第五集出现的Saul有点像小粉啊233333~OST还是超给力结尾竟然是Wonderwall太棒了TAT,25803183,4,2014-04-23,jmix
601,,10590706,5,2014-04-20,jmix
602,,6558062,5,2014-04-20,jmix
603,,10539584,5,2014-04-17,jmix
604,,3016187,5,2014-04-17,jmix
605,还记得MY GIRL时候这对CP是多么的经典，李多海鬼灵精怪的气质胶原蛋白满满的圆脸实在太讨喜。时隔十年男主已变衰残颜，女主整容失败无法直视的鼻尖+无法控制的僵硬脸。看了几眼实在是不忍，算了美好的记忆还是留在回忆里吧。,25824617,2,2014-04-15,jmix
606,跟朋友一起穿着自家的美队T去刷果然回头率杠杠的23333甜心的大奶以及粉唇【真的没擦唇彩么( ﹁ ﹁ )恨不得贴上大屏幕狂舔【喂 比预期中还好看感觉是目前Marvel家出品最赞的一部！一星扣给坑爹的3D暗死了！,6390823,4,2014-04-09,jmix
607,"要死了最近剧荒开始看国产家庭剧（ ´,_ゝ｀）本来是非常恶心这剧这名字的想看看有多奇葩，结果看了几眼还蛮搞笑！黄磊老师哪怕是变成顶着阴毛头的发福逗逼胖子也超萌哎",25728507,4,2014-04-06,jmix
608,Bonnie真是bitchy毒舌啊哈哈哈哈哈哈哈哈哈哈,24532993,4,2014-04-02,jmix
609,最后把鬼脸露出来是最大的败笔,5153310,2,2014-03-21,jmix
610,就是为了看长胖的小粉！就是为了听轰鸣的引擎声！就是为了看我爱的兰博基尼布加迪威龙阿斯顿马丁！最后LP的Roads Untraveled响起不能更棒！！！即使剧情真的只值一星【。,20257326,4,2014-03-15,jmix
611,即使有法令纹眼袋已经深到马里亚纳海沟颜残的无法直视的陈老湿加盟还是拯救不了的烂片,25767569,1,2014-03-09,jmix
612,屌丝一家好贱好欢乐我笑点低哈哈哈哈哈哈哈哈哈,4191635,5,2014-03-09,jmix
613,三星全是给的感情分。已经差到找不出任何一个有印象出彩的作品，没有任何爆点视觉审美双重疲劳。一季比一季下滑的水准啊！！！长得像吉娃娃受的NIKO跟T样感爆表的CAT这对情侣违和感重到直让我233333,25759515,3,2014-03-06,jmix
614,丹尼尔床戏尺度破表内欲拒还迎的小眼神虽然还是演的太直【。,10453731,4,2014-03-03,jmix
615,画面感好棒~很萌的蒸汽朋克风格,25752451,4,2014-03-03,jmix
616,编剧脑洞实在开太大，英国人就是能把无聊一秒变反转亮瞎的本事啊,20452350,4,2014-03-02,jmix
617,两个半小时坐的我屁股痛，嘴炮多了点，期间有一次都想睡的趋势_(:з」∠)_多亏美貌值又飙升回来的奥兰多布鲁姆！导演太偏心惹给精灵哥哥辣么多戏份( ￣っ￣)坐等圈钱第三部,11606328,4,2014-03-01,jmix
618,可以拍的更细腻更好的,11598669,3,2014-02-27,jmix
619,哈哈哈哈哈哈哈哈哈超级冷萌！！！,4848701,4,2014-02-27,jmix
620,正太简直就是缩小版的谢耳朵！熊孩子舅舅超萌啊23333333每集都是贱闹撒泼的过程但是结局都很温馨。。。BGM简直神了哈哈哈哈，越看越有意思的剧！！坐等第二季！！！！,25811267,5,2014-02-25,jmix
621,哎开始无聊了追不下去了，就到这里吧弃了。,24381655,3,2014-02-18,jmix
622,,3102668,3,2014-02-18,jmix
623,http://www.bilibili.tv/video/av970564/,25732529,,2014-02-18,jmix
624,动不动就唱起来真的好烦。。。评分过高,4202982,,2014-02-18,jmix
625,恶趣味CULT片,2160611,3,2014-02-12,jmix
626,又想恶搞又想反英雄主义最后走全灭路线的低成本cult血腥恐怖片，可惜最后四不像拍的太烂了,1853181,2,2014-02-12,jmix
627,只为看兵长一样的男神MIKE_(:з」∠)_其实剧情音乐人设表演什么的都好囧的！！纯粹靠快进！！！,10521631,,2014-02-11,jmix
628,当年只为看李俊基,2042593,,2014-02-09,jmix
629,,3074676,,2014-02-09,jmix
630,披着BL皮的BG情色片+10086,2993846,3,2014-02-09,jmix
631,冲着Mike男神去看的。剪辑的有点乱但是也不影响看脚本是灵异题材那类还成。女主的腿好细好直！！！男神的鼻子那会应该打了玻尿酸【自己也承认】那个山根不太自然_(:з」∠)_但是颜还是无敌啊！OST的MV也帅的让人合不拢腿！,20427093,3,2014-02-07,jmix
632,第一集略无聊千万别弃剧！两个二缺好基友的神展开！诺基亚是被黑出翔哈哈哈哈哈哈。。。胖子直接让我想到摩登家庭里的CAM超神似好好玩！,21759130,4,2014-02-07,jmix
633,哦我错了！！！本来只是看B站的欢乐吐槽当打发时间的结果发现根！本！停！不！下！来！了！MIKE的邪魅T脸实在太精致了三百六十五度无死角以及鬼畜的笑声= =AOM超萌啊颜也是满分，互动粉红甜蜜的让单身狗哭晕在厕所！！！人生第一部追的泰剧！！泰语渐渐听习惯了竟然让我听出了粤语的韵味来←已经没救,24843561,4,2014-02-03,jmix
634,画风好棒BGM好棒人设好棒鬼君萌CRY金鱼草简直萌到爆破表啊啊啊剧情唯一致命伤无敌弱鸡但是也坚决不会弃！,24843604,5,2014-01-29,jmix
635,,1845639,5,2014-01-25,jmix
636,,1968581,5,2014-01-25,jmix
637,,10767534,5,2014-01-25,jmix
638,,4858779,5,2014-01-25,jmix
639,,3017339,5,2014-01-25,jmix
640,,2249535,5,2014-01-25,jmix
641,,2059529,4,2014-01-25,jmix
642,太好看了！！！！！！！！！,1453575,5,2014-01-25,jmix
643,,1439579,,2014-01-25,jmix
644,,2357703,,2014-01-25,jmix
645,,2279152,,2014-01-25,jmix
646,,1431683,5,2014-01-25,jmix
647,,1465037,4,2014-01-25,jmix
648,,1782004,5,2014-01-25,jmix
649,,1498604,4,2014-01-25,jmix
650,,1440937,4,2014-01-25,jmix
651,名字已经忘记叫什么了结果一看截图OMG小时候天天看呢！！！,1845617,5,2014-01-25,jmix
652,小时候就爱看这么暴力_(:з」∠)_每次肌肉一把衣服撑破那里就激动啊！！,1481825,5,2014-01-25,jmix
653,,2372011,4,2014-01-25,jmix
654,皮卡皮卡皮卡丘！！！！！！,2015069,5,2014-01-25,jmix
655,,3058386,5,2014-01-25,jmix
656,,1439831,5,2014-01-25,jmix
657,那个经典的叫声啊。。。。。,1782013,5,2014-01-25,jmix
658,深刻的记着为看这只刺猬我小学一年级开学第一天我就没去【。,1917866,4,2014-01-25,jmix
659,,2030600,5,2014-01-25,jmix
660,,1463371,5,2014-01-25,jmix
661,,2993424,4,2014-01-25,jmix
662,漫画都买了好多本！！！,1782006,5,2014-01-25,jmix
663,夜礼服假面简直就是儿时魂牵梦绕的男神啊！！！,2032236,5,2014-01-25,jmix
664,,25779724,4,2014-01-20,jmix
665,打码太不爽惹比里番还带感哈哈哈哈哈哈哈哈哈哈哈哈哈哈哈哈哈哈,20431614,,2014-01-12,jmix
666,最爱之一,22523273,5,2014-01-12,jmix
667,哦操看的没睡过去~烂片,6128025,2,2014-01-12,jmix
668,一群荷尔蒙激发的傻逼骚年哈哈哈哈哈哈哈哈哈哈,3067825,3,2014-01-10,jmix
669,说真的挺失望的，就算我是腐女也萌这对CP但是也受不了第一集那么赤裸裸的卖腐内心无数次呐喊老子要看办案啊推理啊你俩唧唧歪歪没啊(╯‵□′)╯︵┻━┻小腐怡情，大腐灰飞烟灭【躺 第三集撸完了，这季的推理跟逻辑简直是一塌糊涂啊(╯‵□′)╯︵┻━┻等第四季莫娘拯救了,10455629,3,2014-01-10,jmix
670,童年的经典啊！！！！！！！！那时候看的欲罢不能啊！！！！！！！,1440974,5,2014-01-09,jmix
671,童年的经典啊！！！！！！！！那时候看的欲罢不能啊！！！！！！！,1440973,5,2014-01-09,jmix
672,童年的经典啊！！！！！！！！那时候看的欲罢不能啊！！！！！！！,1440971,5,2014-01-09,jmix
673,脑洞开太大惹哈哈哈哈哈哈哈,1806569,5,2014-01-04,jmix
674,全智贤老了。。。这剧除了全的衣服都是大牌的还有什么看点。。现在一部韩剧都追不下去，真的剧情太弱鸡演技太浮夸大概是我完全过了花痴的那个岁数了,25698722,,2013-12-31,jmix
675,低成本美国爱情乡村巨作。犹如AV一般的画质跟音质跟神一般的浮夸演技，对不起我连十分钟都撑不过去【。,25743870,1,2013-12-29,jmix
676,浓浓的遗孀既视感+10086,25798411,5,2013-12-28,jmix
677,结局大坑啊坐等第五季！,10755110,5,2013-12-28,jmix
678,这季剧情又开始温吞拖拉，老是这几个面孔跟一成不变的丧尸也有点腻味感了，不过第八集咔嚓一下来个惨烈虐心真是。。。所以即使疲倦感产生了等回归大概还是要继续追的_(:з」∠)_,21327878,4,2013-12-26,jmix
679,反正我喜欢圆滚滚(*￣︶￣)y,25742294,4,2013-12-24,jmix
680,,11615927,5,2013-12-19,jmix
681,哪里是女巫集会。。根本就是碧池集会好嘛。。。兰姨的演技真心没话讲啊一身黑都掩盖不住的高冷风骚啊！,20513355,3,2013-12-15,jmix
682,,10755142,4,2013-12-11,jmix
683,,6742618,4,2013-12-11,jmix
684,,4839173,4,2013-12-11,jmix
685,,2190931,5,2013-12-11,jmix
686,,2190929,5,2013-12-11,jmix
687,,2190928,5,2013-12-11,jmix
688,,2190926,5,2013-12-11,jmix
689,,2190925,5,2013-12-11,jmix
690,这部跟鉴证实录是我小时候的TVB最爱剧,2190927,5,2013-12-11,jmix
691,看完后就一个感受，活在地球上自由呼吸真是太好了。还有乔治克鲁尼挂的太早，主角换成他我会打五星的XD,3793783,3,2013-11-27,jmix
692,,3882772,4,2013-11-17,jmix
693,3D的画面为何那么暗那么暗那么暗还是只有我那家影院是如此看的眼快瞎掉= =洛基简直就是欢乐又贱萌的吐槽王啊！！尤其美国队长那里是爆笑全场啊哈哈~锤哥跟暗黑精灵王时空交错PK那里看的很过瘾~看结尾这意思应该还有第三部。。。还有锤哥的身材卖肉时间太少啦TAT,6560058,4,2013-11-09,jmix
694,,3273588,5,2013-11-08,jmix
695,,3205646,5,2013-11-03,jmix
696,,2281691,4,2013-11-01,jmix
697,好萌好萌好萌,25724865,,2013-10-27,jmix
698,哈哈哈哈哈哈哈哈哈哈好萌的呢,19965431,4,2013-10-24,jmix
699,,1297192,4,2013-10-20,jmix
700,中文版日和但是还是很好笑哈哈哈哈哈哈哈哈哈哈,24904361,4,2013-10-19,jmix
701,各种整容失败的丑逼大集合,24878091,1,2013-10-18,jmix
702,烂尾啊大烂尾直接一口血！！！前三十分钟是相当好看的，可惜接下去直接疲软的让人想昏昏欲睡，故事情节逻辑什么的算了真称得上烂的。唯独靠魔术这个特效噱头撑足全场。三星不能再多。PS：我还以为法国金发女是什么最终大BOSS啧啧,6517421,3,2013-10-15,jmix
703,小丁丁越来越迷人了233333333,3272879,5,2013-10-09,jmix
704,,1829626,5,2013-10-04,jmix
705,,4783311,4,2013-09-26,jmix
706,彻底沦为一部傻逼B级烂片,4830478,2,2013-09-17,jmix
707,几千年不看韩剧了这部还行。。。但是节奏太慢了要抓狂！每集刻意的煽情太过了。。孔孝真也长得是太让我出戏了。。。如果不是苏志燮大概就还是弃了吧。PS：你们没人觉得苏其实也长残了一点么。。,24700578,3,2013-09-16,jmix
708,,1482132,4,2013-09-08,jmix
709,,7161587,5,2013-09-08,jmix
710,很少有新番让我这么鸡血了！！！！顺便追漫画去！！！！！！,23748525,4,2013-09-08,jmix
711,基本上是属于没什么动力追下去的番,11639171,,2013-09-08,jmix
712,等第五季,10758271,5,2013-09-08,jmix
713,,1418238,,2013-09-08,jmix
714,"第四集看的我紧张死了啊啊啊啊亲爱的ROY叔头回失利做出如此糟糕的成品真的超怕他被淘汰！如果他又被淘汰了这季就坚决的不看了【上季也是如此（ ´,_ゝ｀）miranda的那团粉色老鼠肉超恶心竟然又是冠军，这他妈又是第二个nicole的节奏！！！！！Tate,Roy大叔,Larau，谁得冠都好，miranda滚粗！",23010305,5,2013-09-07,jmix
715,岛国人民的屎尿屁巨片_(:з」∠)_,6867553,,2013-09-03,jmix
716,特地选的英文原版但是中文翻译。。呵呵。。。剧情什么的是比不上第一部，但是大眼仔仍旧萌的我心肝颤！！！我就是脑残粉_(:з」∠)_各种小怪们也很有爱啊~反正看的我挺乐呵的~,3789848,4,2013-08-24,jmix
717,越看越心酸，很多地方写实的超可怕我膝盖中箭无数_(:з」∠)_尤其自言自语碎碎念的内心活动以及对某些人的嫉妒羡慕恨完全是想起曾经学生时代的自己了。。。虽然并没有糟糕到像黒木这样但是太感同身受了【打一星的看来你们的学生时代真他妈积极向上阳光呢呵呵后,20458842,4,2013-08-20,jmix
718,,6430825,5,2013-08-17,jmix
719,老太太的毒舌吐槽以及酒窝卖萌攻势让人欲罢不能啊23333333,5301351,5,2013-08-12,jmix
720,以前看过韩国的一个恐怖flash漫画真的有吓到！！所以看这片子略带感啊~逻辑经不起推敲不能细想，情节拖沓了点套路还是比较韩式的，嗅到了百合的气息，一惊一乍整体不错看,24695966,4,2013-08-11,jmix
721,惊悚程度对我来说完全不够吓人啊23333333一集四分多钟，画面略奇特像老式剪纸的那种感觉。。偶尔调剂下不错的~,24845107,4,2013-08-11,jmix
722,BRA那集笑疯了哈哈哈哈哈哈哈哈哈哈哈哈哈哈哈哈哈哈,21319314,5,2013-08-06,jmix
723,可能还是要去电影院大屏幕音效全开模式才爽吧。。。套上真人真事噱头挺大，不过还是驱魔的老套路。。跟潜伏差不多，没怎么吓人，从头到尾也就只死了一只狗跟一只鸟啊╮(╯▽╰)╭,3804629,3,2013-08-05,jmix
724,ED太带感了2333333光明正大的卖肉卖腐就该这么爽快！大家都好萌！画面质感真心棒，情节什么的低幼就低幼吧反正看的挺开心啊23333333,24381366,4,2013-08-03,jmix
725,一定要去影院看特效超牛逼！！就是水里的打斗戏太多了看起来有点累啊。。虽然是一部EVA高达变形金刚奥特曼钢铁侠即视感MAX的片，但是放在暑假档真心算的上一部良心科幻片了~可惜最后十几分钟老子隐形眼镜脱落，像个睁眼盲瞎一样导致错过了ENDING摔！！,5323968,5,2013-08-01,jmix
726,尼玛这都什么玩意。。雷点一大片各种四不像，宁财神你好宁财神再见。温习武林外传五百次去吧,11627047,1,2013-07-31,jmix
727,真是爱死Betty White这位萌奶奶了！！！,4718154,5,2013-07-27,jmix
728,剧情主线什么的真心弱。。。笑点也略勉强比第一部差很多。。黄色小胶囊们还是那么萌真想看他们单独拍一部！！顺便里面某个女性角色真的不是按照麻辣鸡来设定的么超像啊！！！,4915857,3,2013-07-26,jmix
729,我也不知道我怎么又无聊的去看这种片子了= =不过小哥身材不错。。。,21354076,,2013-07-25,jmix
730,一定要去玩游戏,11584399,4,2013-07-25,jmix
731,壮硕矫情的死娘炮之间的明争暗斗比女人都精彩,11498228,4,2013-07-14,jmix
732,这个TV版的画风。。。。。。。我不知道我能坚持的看的下去不= = 不过的确算四月新番里面独树一帜。。。。。。【对不起最终还是追不下去弃了ORZ,23749724,,2013-07-14,jmix
733,哎呦喂萌死我了,10759936,4,2013-07-13,jmix
734,朋克少年奇遇记,1817169,5,2013-06-15,jmix
735,全5分的童年阴影,2156754,5,2013-06-15,jmix
736,我操。。。。。。。。看这个绝对是自虐啊但是重口味爱好者们一定会很爽,6982606,5,2013-06-12,jmix
737,,11615886,5,2013-06-06,jmix
738,太庆幸第一季慢热的时候没弃掉这部剧了,6729243,5,2013-06-02,jmix
739,,4852036,5,2013-06-02,jmix
740,我是脑残粉我是脑残粉我是脑残粉我是脑残粉每集只有十五分钟简直要哭出来太不够了！！！！,20378778,5,2013-05-26,jmix
741,市川由衣。。。呵呵,1915393,2,2013-05-26,jmix
742,中岛美嘉的NANA不管过了多少年看还是经典啊！女神不解释,1421823,4,2013-05-26,jmix
743,笑疯掉好嘛！！！！！！！,10439388,5,2013-05-24,jmix
744,演的太刻意了略作略话剧。。。笑点很一般。就算俩老爷子都很萌还是弃。,20278812,,2013-05-21,jmix
745,只为了看HYDE只为了看HYDE只为了看HYDE只为了看HYDE,1417036,,2013-05-21,jmix
746,我看到了小不列颠的影子哈哈哈哈哈哈哈哈哈笑死了！口音更是加分！无下限的英剧真他妈是真爱哈哈哈哈哈哈哈哈哈,5990144,5,2013-05-17,jmix
747,算了~弃~少女心这东西果然跟我是绝缘了。节奏慢的我还恨不得快进，古川雄辉的颜最终还是撑不过去。我应该不是一个人╮(╯▽╰)╭,21339675,,2013-05-15,jmix
748,这版的琴子跟个疯逼一样，表演用力过猛表情丑到我都截图N张留作QQ表情233333333 女二号是真的漂亮。。。连路人甲乙都颜长得不错~柏原崇不说了绝对的男神,2148799,,2013-05-03,jmix
749,我就喜欢这种神神叨叨的剧！追！,10539856,5,2013-04-30,jmix
750,终于这回没有太多小孩子跟我一起看了加一万分！！超乎我预料。。很！棒！~超适合基友组团刷或者一家子去看！每分钟都有笑点毫不冷场，奶奶跟宠物是相当的抢镜啊哈哈哈哈~唯一的遗憾是我位置坐的太前排了3D效果汗颜啊。。。。,1907966,5,2013-04-27,jmix
751,节操跟下限在哪里！！！！！！！！！！,20426994,,2013-04-26,jmix
752,老白就穿个白色内裤裹个围裙制毒品真的超有围裙PLAY的赶脚233333333难得有这么销魂的美剧。。。顺便千万不要惹学化学的人,2373195,5,2013-04-19,jmix
753,,2073832,5,2013-04-12,jmix
754,太感同身受了！！！每个经历过肥胖抑郁青春期或者正在经历的女生必看！！共鸣不是一点点！！！好像演的都是自己TAT男神Finn萌死了啊啊啊！！BGM各种赞！！！！！！,20514845,5,2013-04-04,jmix
755,"除了血腥还是血腥。。。一开头就来个百人集体轰趴斩血流成河啧啧~喜欢变态折磨杀人狂以及各种人体器官血肉模糊的就不要错过了╮(￣▽￣"")╭ 作为一部纯血腥的片子还真的是合格了",6021917,3,2013-04-03,jmix
756,搞得一手内涵的好基！！！,21973146,4,2013-03-29,jmix
757,这么蠢的剧身边还有人说好看我就呵呵呵呵了。还不如直接看DC的漫画,10527257,2,2013-03-27,jmix
758,绝对英版的更赞！！！,1474087,5,2013-03-24,jmix
759,白瞎了之前的预告片~无聊的一比~女猪脚一定是真爱如血里那位的妹妹~大牙缝占据我所有的视线嘻嘻,2132426,2,2013-03-24,jmix
760,哥特眼线男狐狸叔走了，总决赛又不想看了(。﹏。) 又是平和的一季啊，基本上没什么内讧不合，也就略碧池的秋天大妈。。狐狸叔是唯一的亮点啊亮点！！！就爱血腥恶心恐怖的造型！！！,20283990,3,2013-03-23,jmix
761,大叔是推销猫玩具的嘛2333333,19967862,4,2013-03-17,jmix
762,http://v.youku.com/v_show/id_XNTI2ODMwMjM2.html,21770888,,2013-03-15,jmix
763,题材啊题材= =人狼恋啊。。会变身还生子了。。花被变身的狼在床上扑倒准备XXOO的时候【你怕吗你在颤抖】【不，因为是你】摔啊！这么煽情偶像剧的氛围我却笑点破表了= =前面节奏比较慢，小狼崽那里真的比较萌呢~音乐画面就不用说了绝对上乘。。但是还是比不上夏日大作战跟穿越时空的少女~,7064681,4,2013-03-14,jmix
764,,3995995,5,2013-03-13,jmix
765,日本队赢了哈哈哈哈哈哈哈哈哈哈哈论猎奇你们谁都比不过霓虹国！！,6394339,4,2013-03-13,jmix
766,萌的满脸血！！！尤其帝企鹅排队走那里笑死了可爱死了！！BBC的拍摄手法真心要赞一个,21355794,5,2013-03-11,jmix
767,KUSO的节奏停不下来2333333好萌的五分钟泡面番哈哈哈尤其背景群众简化成那样真的可以嘛妈妈就是颜文字组成的好嘛哈哈哈哈哈。。,11627122,4,2013-03-11,jmix
768,这奇葩剧我竟然追下来了2333333333,10759141,3,2013-03-02,jmix
769,看不下去的节奏。。弃,10493928,,2013-03-02,jmix
770,,11502153,5,2013-03-02,jmix
771,一集就九十多分钟。。怕是湾湾剧上史上第一部。。拍的很像电影~某些台词很戳那个点~文艺温情路线大概很多人会嫌无聊没耐心看下去吧~林仔仔的中分造型无力吐槽= =怎么感觉老了脸越来越长略长残啊。。。,20277253,4,2013-02-19,jmix
772,37秒史上最弱智傻逼眼睛都没睁开过的女猪脚粗现忍无可忍关！！！你们能挺过两分钟的都他妈忒牛逼！！,5308264,1,2013-02-18,jmix
773,,10748074,5,2013-02-08,jmix
774,又萌又感人 这个系列拍的真正好,4219765,5,2013-02-06,jmix
775,萌是萌~不过拍摄手法一直重复略乏味,21331055,,2013-02-02,jmix
776,基萌基萌的= =但是幼稚程度注定是撑着看不下去的,11598966,,2013-02-01,jmix
777,尼玛有个长的跟小静静相似度99%~各种相似度爆表的人设你们真的没跑错厂么呵呵呵~真是浪费了豪华的声优阵容，年纪大了对这种题材超无感无聊无聊无聊无聊超无聊一集弃！,10545923,,2013-01-26,jmix
778,屎一样的人设逻辑剧情。。。对得起第一部么！！堆放假人模特室那段总算让我昏昏欲沉之时开始清醒点~N头怪蛮酷233333,2117898,3,2013-01-23,jmix
779,这片子给虐猫或者随便遗弃猫的人看一定效果不错~节奏太慢  那小女孩出来吓一次就够了 故技重施来个N回都要睡着好嘛= =顺便果然还是养狗好啊。。。,6383567,,2013-01-18,jmix
780,人妖要不要这么搞笑啦真的有OP里的人妖岛即视感哈哈哈哈  三段式男男恋  有跟人妖还有和尚跟和尚。。 泰国的电影题材真是越来越放荡不羁了【笑,10439879,4,2013-01-14,jmix
781,被砍了也是情理之中吧。。实在是笑点太刻意了感觉略无聊,10520453,,2013-01-14,jmix
782,真是史上最磕碜的白雪公猪。。。这部戏的颜是很大问题啊= =,5986494,3,2013-01-14,jmix
783,越来越渐入佳境了。。第三季稳追~,10756708,4,2013-01-06,jmix
784,朴。有。天。你。长。残。了。绝。逼。的。朋友追得很起劲我只有满脑子的吐槽点=L=现在一部韩剧都看不下去是怎么了【跪,19964006,1,2013-01-04,jmix
785,唉被砍了。。。女猪脚烦死了！！！那只猴子一直是亮点。。。,10600880,3,2013-01-04,jmix
786,就是影射步姐的嘛~泽尻很美~水原希子一对比立刻小清新的没什么存在感。。。蜷川实花真的不适合拍电影。。。。,10439358,3,2013-01-01,jmix
787,打五星的你们是笑点有多低。。真心很一般。。两星半~~坐后面一个疯女人笑的直踢我朋友的椅子全程她是在椅震中度过。。全场笑的跟傻逼一样就我跟我朋友好似两尊面瘫佛 (*´Д｀*),10574622,3,2012-12-31,jmix
788,各种奇怪的东西乱入。。。处处高能。。哈哈哈哈哈哈哈哈哈,6601373,5,2012-12-27,jmix
789,萌死了！！！！！维尼噗吐槽太可爱了！！！！,2064670,5,2012-12-24,jmix
790,特效化妆师里的评审那谁还去格林里做特效了。。但是这个效果不咋的啊= = 不过不影响追下去~特喜欢开篇格林的标题然后一集一个故事各种怪物。。。狼人要不要那么萌！一股好基友的味道又出来了2333333越来越渐入佳境的好看了！！！,5966523,4,2012-12-14,jmix
791,没法超越第一季  第二季真的很一般笑点太僵硬。。。不 压根就笑不出来=L=,10727268,3,2012-12-14,jmix
792,卧槽好喜欢各种重口味集合哇哈哈哈哈哈！！这么疯狂的节目就不怕选手出事嘛~噗~基本上都是由啊啊啊的尖叫代替唱歌了哈哈哈哈。。。。,20396777,4,2012-12-12,jmix
793,韩国有部类似的假面比这部好。。。,4111335,,2012-12-11,jmix
794,多少人是冲着吴彦祖那句喷血的“我要你。。。操我”来看这部老片的。。多少猛女都狼血沸腾的仰天长啸“放着我来！！！！！！！”只要看吴彦祖就够了剧情什么的谁他妈care！！另外，国语配音实在太囧了。。。。,1308040,4,2012-12-06,jmix
795,,10771315,4,2012-12-05,jmix
796,刚开始看了两三集觉得明显不及第一季的我错了好嘛！！！都是变态好棒嘤嘤嘤,7916275,4,2012-12-02,jmix
797,。。我真的被雷到了= =那画风还能再崩点么人鱼的脸出现几回我就笑几回好嘛！！！毕加索印象派嘛亲！！！老是撒比西撒比西的谁不撒比西啊！！好烦这个主题。。顺便你让个万年受光光配人鱼攻真的大丈夫咩！！吐槽点爆表啊。。。。,19935789,,2012-11-16,jmix
798,经过第二季略沉闷各种人性挣扎的嘴仗铺垫 第三季终于又回归超爽重口味的僵尸杀戮。。一集比一集还欲罢不能太赞！我可以剧透我最讨厌的女猪脚第四集终于挂了么【闭嘴,10545971,5,2012-11-10,jmix
799,卧槽瞎了。。。,6861590,1,2012-11-08,jmix
800,,1919592,3,2012-10-30,jmix
801,笑点超冷的吐槽傻逼剧好嘛哈哈哈哈哈哈哈哈哈哈哈哈哈,6402151,4,2012-10-27,jmix
802,,1293073,3,2012-10-25,jmix
803,三星半~恶搞的B级片~当给胜利女神戴上套还破掉时候。。我真的笑了。。最后还射一脸哈哈哈！！第二个故事竟然看到了甜心(ˉ﹃ˉ),6874567,3,2012-10-24,jmix
804,豆瓣养猪大户miseria童鞋的身影在我脑中直接跟范宁重合鸟 `<_`,1457218,4,2012-10-21,jmix
805,假爆了,10488606,1,2012-10-20,jmix
806,烂片,10512944,1,2012-10-12,jmix
807,真是又毁三观的一部神电影啊卧槽。。。两男一女3P互相搞(￣_￣|||) ,3148068,3,2012-10-09,jmix
808,头几集真的差点弃。。。绝对的慢热型越追越好笑,3741764,5,2012-10-09,jmix
809,两星半~弃~海选奇葩太多实力太差！！！尼玛一集能出来一个不错的就能让你感动的不砸电脑了！！！布莱尼是真的老了。。毒舌功力倒是见涨了,10807224,3,2012-09-30,jmix
810,真是一季不如一季。。第三季差到很想中途不看了！屈指可数的新意跟让人印象深刻的作品！！截止第五集，tommy竟然还没被淘汰！！让我想起第一季一路浑水摸鱼的megan简直如出一辙！！冠军毫无悬念预计是Roy大叔~发挥一直很稳定人又NICE~【好吧第十集叔就被恶心的淘汰了卧槽。。总决赛还看个毛线！！,10748721,2,2012-09-27,jmix
811,还真是异形前传。。最后一幕看的我又想重温异形四部曲了~Charlize Theron身材好爆了！！,3771562,3,2012-09-23,jmix
812,,1851857,5,2012-08-31,jmix
813,我就不说好几个地方眼泪都出来了~没有所谓单纯的正义战胜邪恶的超无聊假大空，很多细节很多震撼。。黑暗会有，但是光明终将到来~完美终结这一系列~顺便影院里带着孩子去看的傻逼家长中途退场跟结尾还没完就走的晃的我超级火大~说看睡着的或者打一两星的可能更适合去看同档期上映的我爱灰太狼哦亲们~,3395373,5,2012-08-30,jmix
814,,10599841,3,2012-08-28,jmix
815,三星半~对比度要调高~在夜黑风高打雷下雨夜密闭空间内一个小偷VS变态的逃杀对决~屋主夫妇就充当血腥调味必备品了╮(╯▽╰)╭,2252778,3,2012-08-28,jmix
816,锤哥短发好显嫩（¯﹃¯）可惜死的太。。在木屋时候太黑了影响部分血淋视觉效果~前三十分钟差点让我睡过去以为又是一部烂片。。然后剧情发展开始逆天。。最后半小时群魔狂欢轰趴碉堡！,3143676,4,2012-08-23,jmix
817,这种纪实一样的纪录片的感觉太！棒！科幻片能看出心酸来真的不容易。。反丑陋的人类的中二情绪完全被激发出来啊。。,3006772,5,2012-08-19,jmix
818,三观不正的烂片,5285669,1,2012-08-17,jmix
819,各种军事武器名词让我顿时化身眼晕白痴。。女猪脚有点崩的厉害。。说好的女王呢！！约拿倒是挺萌。。剧情微弱中二气息浓郁有些时候卖萌卖过头很是奇怪= =三星半,10455655,3,2012-08-17,jmix
820,TAT特么没你的第三季跟SHI一样。。,6872505,5,2012-08-14,jmix
821,没了贱卷毛Nathan真的感觉少了什么。。双生分裂的那位大哥真心很无聊根本戳不到萌点只觉得厌烦= =太怀念simon羞涩可爱时期！！没有前两季吸引人这季看完就收工~大换血的第四季再也不见！,6519487,3,2012-08-11,jmix
822,艾玛这部也有。。噗~那黑暗体操谁也去弄个条目去！,2334128,,2012-08-08,jmix
823,"`<_` 喷尿喷翔达到高潮。。次奥。。。当年真是恶心到我了

",3189548,,2012-08-08,jmix
824,的确没有马3笑点多3D效果也很是一般，预告片基本上就是精华了囧各种综合因素说实话相比较前三部这部真的微弱了点。。但是蠢萌感还是不减2333333脑残粉表示仍旧是我心目中最喜欢的系列动画，没有之一！,4914468,4,2012-08-04,jmix
825,我说你们是有多少人冲着骚当来的！！果然最好看的还是盲选部分接下去太疲劳了快进快进，快进到最后就是弃之(￣_￣|||) ,10454956,3,2012-08-04,jmix
826,第二季接着看~,6038932,4,2012-08-03,jmix
827,很久以前看过。。名字都是如此矫情装逼。。剧情更是。。其实就是一部披着伪文艺外衣的三级片【还是那种让你打手枪都打不顺畅的三级片,1308988,2,2012-07-30,jmix
828,,1300486,3,2012-07-28,jmix
829,我爱Simon貌似快超过Nathan了~,4942787,5,2012-07-26,jmix
830,Q版画风一开始看觉得这也太省事了吧看久了还觉得挺萌。。以为又只是单纯的偏H工口向猥琐恶趣味的路线，没想到一路看下去挺意外。。第7话简直是变态的纯情哎！！这货就是披着变态的外衣阐述的就是我们各种正常的不为人知的生活= =,5416032,4,2012-07-23,jmix
831,,4807924,4,2012-07-22,jmix
832,从一开场那朵硕大的菊花里拉出个人开始我肯定这片子绝对是奇葩片中得奇葩片(￣_￣|||) ,1419044,,2012-07-20,jmix
833,Robert Sheehan个小卷毛的蜡笔小新浓眉实在是太抢眼！！ 我又找到了看SKINS时候的感觉甚至更超S~英剧的黑色幽默又贱又萌粗口无下限实在是爱到不行好嘛,4226908,5,2012-07-17,jmix
834,尼玛第三季还会有么！！,6120366,5,2012-07-13,jmix
835,果然如所料是跟一堆家长小盆友一起看的囧  现场闹腾的不行小盆友都特激动。。确实蛮逗的好喜欢那只穿迷你裙骑小自行车的母熊噗哈哈。。尤其水果姐的FIREWORK配合那个迷幻视觉很赞~就是中文配音翻译太他妈的扯很影响笑果~很想看英文原版的,3178770,4,2012-07-07,jmix
836,,4837825,4,2012-07-01,jmix
837,http://www.tudou.com/programs/view/849TOmpVPeM/,10553099,,2012-06-27,jmix
838,,3092010,4,2012-06-25,jmix
839,=。=到现在都还是很喜欢看哈哈哈~真的太萌了~我是她们的周边的死忠饭【捂脸,1302661,5,2012-06-25,jmix
840,,1889320,4,2012-06-25,jmix
841,,3423646,5,2012-06-25,jmix
842,,1830126,5,2012-06-25,jmix
843,,1781636,5,2012-06-25,jmix
844,以前还有珍藏版的VCD！！！,4321270,5,2012-06-25,jmix
845,,1960246,4,2012-06-25,jmix
846,"我到现在还会哼唱这个主题曲(￣▽￣"") ",1781149,5,2012-06-25,jmix
847,小神龙俱乐部那会。。超怀念啊~~~同类型的还有波波安跟阿德日记！！！一直守着看呐,1795462,5,2012-06-25,jmix
848,小时候超喜欢看啊！！现在看来人设神马的还是很带感！！,1484187,5,2012-06-25,jmix
849,,1418197,5,2012-06-25,jmix
850,弩箭小哥星星眼~~~,6517608,4,2012-06-25,jmix
851,"。。。奇葩基友剧。。。Elijah Wood挺萌啊~
",5343165,3,2012-06-25,jmix
852,"http://v.youku.com/v_show/id_XNDE3MTY1OTcy.html  豆瓣的评分永远这么两极化╮(￣▽￣"")╭  三星半给宫崎骏 画面 配乐 声优  剧情太狗血了。。",5262338,3,2012-06-24,jmix
853,卧槽这结局。。。LOLI控都去死吧！！！！！另外蜘蛛真的好恶心。。一点都不萌好嘛混蛋！！！！！！,10574474,3,2012-06-14,jmix
854,"比枪洞更可怕的是心洞，比恐惧更可怕的是孤独。
",10756794,,2012-06-01,jmix
855,等价交换太深刻了。。当年哭得跟傻逼一样，经典神作不解释,1433342,5,2012-05-28,jmix
856,看的我越发想念灌篮高手的那种真正的热血沸腾感~披着伪运动外衣的搅基漫。。剧情太扯很是疲劳提不起劲。。连基情都拯救不了。。我这是要退腐了么Σ( ° △ °|||)︴,7163768,2,2012-05-27,jmix
857,就算被坑爹也要打五分TVT,4236817,5,2012-05-27,jmix
858,除去EP只剩 三分钟的呆蠢萌小基喵漫,5924374,3,2012-05-24,jmix
859,,7054120,5,2012-05-21,jmix
860,http://www.56.com/u81/v_NjA5ODg4MjI.html,1963131,4,2012-05-21,jmix
861,"这尼玛好一部蛋疼片。。no reason!!!!!!
",4813645,2,2012-05-17,jmix
862,http://www.youku.com/playlist_show/id_4845642.html,1998618,,2012-05-13,jmix
863,爆米花电影就不要讲神马剧情了，前四十分钟无聊的快睡过去。。然后接下去就燃的一塌糊涂啊！！3D效果哈好都舍不得眨一下眼！！尤其是绿巨人那几场。。走出影院头还有点嗡嗡嗡。。最后必须要说的是骚萝卜的那些个脸部近景。。果然越老越骚越美貌没话讲啊（¯﹃¯）,1866479,4,2012-05-06,jmix
864,"If you can't find a lover,make one ~ 太寂寞的人一旦崩溃了就是变态~可怜的变态~",1304766,4,2012-05-04,jmix
865,患脑癌的精英哥哥与放荡不羁的双胞胎弟弟调换身份~缺爷一人分饰两角秀演技咯~http://v.youku.com/v_show/id_XMzU4ODMwOTY0.html,5041077,4,2012-05-02,jmix
866,再也无法超越台剧中得经典好嘛,2212156,5,2012-04-27,jmix
867,,10535457,,2012-04-26,jmix
868,哈哈哈哈又黄又基又贱又2B,6015756,4,2012-04-25,jmix
869,跟第一季相比差太多了。。个人最喜欢RJ~那个侍应生跟鱼人Rapper造型超喜欢！！,10446304,3,2012-04-16,jmix
870,第一集就各种露点ORZ   画风画面质感音乐各方面超棒~至于剧情就(￣_￣|||)  就纯艺术视觉类欣赏吧~,10539727,4,2012-04-09,jmix
871,不得不说英国人拍黑色幽默黑暗向的东西就是特牛逼~~~,3287611,5,2012-04-07,jmix
872,老子要被萌哭了,10527294,5,2012-04-05,jmix
873,,5152358,,2012-04-04,jmix
874,此枚老物现在翻出来再看看还是很不错,2032822,4,2012-04-01,jmix
875,看完只记得各种奇怪的死法~动漫版死神来了~氛围跟调调不错~至于剧情。。操蛋的只有呵呵后,5392222,4,2012-03-28,jmix
876,,10521648,4,2012-03-20,jmix
877,人人唾弃的废柴男猪脚。。有奶粉红色的表面切开来里面全是黑啧啧~不过黑化病骄神马的的确比卖萌带感多了啊~秋濑君一出场我就知道又可以腐一把了(ˉ▽￣～) ,6126502,4,2012-03-20,jmix
878,全程高能反应哈哈哈哈哈哈哈哈哈,10537919,5,2012-03-18,jmix
879,看了第二遍才确定调音师被杀了。开头即结尾。那些你自以为是的完美演技就是害死你的最大凶手,6846495,4,2012-03-17,jmix
880,一匹马演技挑起一整部戏~好基友黑马倒下那里戳泪点了~Tom Hiddleston穿军装真心帅（¯﹃¯）缺爷打了个华丽的酱油而后投降了囧 至于男猪脚。。总觉得有股二愣子的气息挥之不去囧,4206436,3,2012-03-12,jmix
881,卷福演技不错滴 http://www.tudou.com/programs/view/9gnc6JIvbGc/,1482022,4,2012-03-10,jmix
882,三分完全是给ED的。。多少人去学这个猎奇的舞蹈ORZ,6755900,3,2012-03-10,jmix
883,最喜欢gage跟tate~然后发现他俩都是左撇子~~gage的男盆友要不要比他还受哈哈哈。。然后tate小胖子看得出到后来心态越来越enjoy了~~最讨厌megan那个女人竟然一路浑水摸鱼到那地步!!!!,5915914,5,2012-03-10,jmix
884,看个第一季就够了,3103678,4,2012-03-10,jmix
885,画面是真的很华丽 各色美型男~~只是剧情烂是人物再美型都弥补不了的,1769531,3,2012-03-10,jmix
886,,2111619,4,2012-03-09,jmix
887,浓烈色彩系直接就想到怪化猫 CV们猥琐加盟 抽象 猎奇  雷 崩  我们都有病╮(╯▽╰)╭,3872366,4,2012-03-09,jmix
888,节奏有点问题，恶心的地方倒是真的恶心到了,3097525,3,2012-03-08,jmix
889,我知道你们光冲着这个名字就肯定有兴趣。。http://video.sina.com.cn/v/b/62720698-1768809804.html,1305347,,2012-03-04,jmix
890,"ANIMIX动画并非真正的OVA动画，ANIMIX是以漫画为基础，配以声优，简单的说就是漫画上彩色然后配上声音，和动画是不同的，ANIMIX只是声音+图片。【所以这PPT就给三星吧╮(￣▽￣"")╭ ",10531201,3,2012-03-02,jmix
891,五分钟的奇葩片,5184655,2,2012-03-01,jmix
892,不打五分的都是混蛋！！！！！！！！,4888015,5,2012-02-29,jmix
893,Brent 甜心啊！！！！！这片肯定一波腐女都冲着你来的！！！！！剧情就算了光看颜就满足了。。只玩亲亲太CJ了本来还以为有肉神马的( ﹁ ﹁ ) ,3195759,3,2012-02-27,jmix
894,山田凉介（¯﹃¯）其他皆浮云,2142538,,2012-02-25,jmix
895,山田凉介（¯﹃¯）其他皆浮云,1920765,,2012-02-25,jmix
896,有多少人是冲着DEPP叔的异装癖去的。。一部写实的带点粗糙跟混乱的自我传记同志电影,1303273,3,2012-02-24,jmix
897,我这个泪点低的人又。。。TAT 又萌又忧伤。。我所剩不多的少女心啊~~,5989818,5,2012-02-23,jmix
898,这真的算不上恐怖片吧。。片头色彩视觉倒是很棒,1303083,3,2012-02-21,jmix
899,,4189830,3,2012-02-13,jmix
900,只是冲着猫去看的,3134345,3,2012-02-10,jmix
901,这一个个猥琐的小表情。。。CV让我扶额,10455636,,2012-02-06,jmix
902,"重口味肉片(￣▽￣"") 伪真人秀演技太假了。。就当猎奇片来看吧各位【 http://www.tianya.cn/publicforum/content/funinfo/1/3096462.shtml  】",6127362,3,2012-02-06,jmix
903,果断的动画版萌的多也好的太多了,4935011,3,2012-02-05,jmix
904,"忠犬双炽sama让我想起384。。卖萌又卖腐的少女漫╮(￣▽￣"")╭ ",6738757,3,2012-02-05,jmix
905,适合笑点低的人,1887452,5,2012-02-05,jmix
906,,6522269,5,2012-01-29,jmix
907,,3986493,5,2012-01-29,jmix
908,萌就一个字,5132461,4,2012-01-28,jmix
909,恶搞到我真有被吓到。。霓虹国人民的思维真不是一般人能跟得上的~~ 还有子安桑你果然比较适合猥琐角色囧,1855649,,2012-01-23,jmix
910,治愈系，不错~~,3060542,4,2012-01-22,jmix
911,,4176578,5,2012-01-21,jmix
912,每集只有五分钟左右吧，受太女气了。。。,3732114,,2012-01-21,jmix
913,我会跟你们说这系列三部我都看过了嘛ORZZZZ,3987927,,2012-01-21,jmix
914,渣攻,3893376,,2012-01-21,jmix
915,果然在男校伪娘很吃香,2238668,,2012-01-21,jmix
916,,1940463,,2012-01-21,jmix
917,,2378640,,2012-01-21,jmix
918,,4074220,4,2012-01-21,jmix
919,经典BL老物啊,3024661,,2012-01-21,jmix
920,,4236821,,2012-01-21,jmix
921,,3893378,,2012-01-21,jmix
922,,2347144,3,2012-01-21,jmix
923,肉球篇真是萌死了！！！,3434575,4,2012-01-21,jmix
924,,6527289,4,2012-01-21,jmix
925,,5256290,4,2012-01-21,jmix
926,第二季尼玛长得都跟孪生兄弟一样根本分不清楚好嘛！别扭受大段啰里啰嗦的纠结内心旁白看的我直接暴躁,6755898,,2012-01-21,jmix
927,美型~真的没崩太坏,2365079,4,2012-01-21,jmix
928,经典老物刷新漆又出来鸟~~,3403017,4,2012-01-19,jmix
929,电影不像电影，纪录片不像纪录片，镜头晃的我头晕，无聊,4022098,2,2012-01-18,jmix
930,我在未来等着你。,1937946,5,2012-01-17,jmix
931,文艺小资片，免不了得装逼下，其实剧情无非就是失恋自说自话的小情绪，然后拍的太拖沓了些,1945549,3,2012-01-17,jmix
932,,4896289,5,2012-01-17,jmix
933,,4233869,5,2012-01-17,jmix
934,又是一个雪村千鹤的赶脚，碍事的女猪脚！！！这么基的故事你死开好嘛！！然后还有。。我是冲着六郎的捆绑式胖次去的【捂脸,6785103,,2012-01-16,jmix
935,尼玛二十多年前的重口味啊！！！放到现在来看还是一样很黄很暴力的雷人= = ,1441644,4,2012-01-11,jmix
936,看的我异常想养一只猎豹了TAT太萌了~~,1309109,4,2012-01-09,jmix
937,无聊。追不下去，弃~,6436760,2,2012-01-09,jmix
938,哈哈哈太贱太好玩了~很黄很暴力各种神吐槽！！不过一直拿肥胖跟同性恋来说事稍微有点伤人心了就是，敏感者还是避开吧,2159093,5,2012-01-06,jmix
939,弟弟11岁1米80，姐姐17岁1米37。。。。3分半带ED带下集预告神马的我跪了。。。,6974517,,2012-01-06,jmix
940,,6729121,5,2012-01-06,jmix
941,,4904662,5,2012-01-06,jmix
942,这么高的评分让我诧异。。剧情就是个渣卖弄玄虚画面崩坏感之重还有人说制作精良。。热血？热在哪压根没看出来简直弱爆了！！各种无聊看不下去弃之,5416070,2,2012-01-05,jmix
943,各种纹身穿孔扩耳分舌+飘忽不定的感情，黑色的青春看着就好疼,4068816,3,2011-12-30,jmix
944,双生子禁忌恋神马的。。。,1940076,,2011-12-17,jmix
945,腹黑变态有钱人家小少爷vs 可爱纯洁无辜的穷小子  基情的正太电影啊~~~,1412573,3,2011-12-16,jmix
946,看了剧透的话就根本没啥意思了这电影。。。,2997052,3,2011-12-15,jmix
947,太他妈喜欢MAX这个尤物了！！！这个脸这个胸这个大红唇不能再赞！！！！顺便台词忒黄暴了哈哈哈哈哈哈哈哈,6395245,5,2011-12-04,jmix
948,完全一扫最近对美剧的审视疲劳，完全超合我胃口哎！绝对是要那种一口气就想全部追完的冲动！,6729183,5,2011-11-25,jmix
949,猪脚之一的某人长得神似JB DIVA= =,5955975,,2011-11-23,jmix
950,英式幽默~开头有点无聊过渡掉了还行,1758810,3,2011-11-15,jmix
951,,6557005,5,2011-11-15,jmix
952,吐槽神作哈哈哈哈哈。然后组长=3=,6894811,5,2011-11-13,jmix
953,全程黑白一股压抑的氛围爆粗口无下限的台词，马丁君无需用力表演就看起来很像个猥琐变态哎~至于重口么？因为黑白吧视觉冲刺弱太多对于我等无下限的人来说没啥太多赶脚,4099277,3,2011-11-04,jmix
954,,5949369,,2011-10-28,jmix
955,萌萌萌萌萌.还有就是太短了...,5915752,4,2011-10-23,jmix
956,老李最美型巅峰的时候哎。。。,1297233,4,2011-10-11,jmix
957,,5295974,,2011-10-08,jmix
958,倒是挺写实当下韩国演艺圈的。。题材不错可惜拍的不咋滴,6038071,3,2011-09-06,jmix
959,算不上恐怖片吧。。就是告诫各位不要随便堕胎~~婴灵会缠上你的哦哦哦,5985871,3,2011-09-06,jmix
960,cult禁片~所有演员都是真正的畸形人。。,1295942,5,2011-09-05,jmix
961,仍旧继续1的套路一摸一样。。不过还是喜欢,3654340,4,2011-09-04,jmix
962,作者都自杀了。,1457707,4,2011-09-02,jmix
963,我竟然无聊蛋疼到这个地步来看国产恐怖片了！！！弱智脑残烂片无误真想打负分了。然后某“假奶亮”还真亮了~,3851822,1,2011-08-24,jmix
964,"伊藤润二赛高！
",2033843,4,2011-08-17,jmix
965,尼玛越来越好看了，Eric帅崩了TAT,5503435,5,2011-08-16,jmix
966,影片根据真实事件改编，是美国历史上唯一一起官方承认的冤鬼索命致人死亡的案件，曾有20多本著作专述此事。【噱头太大了根本没被吓到,1507144,3,2011-08-14,jmix
967,儿童文学巨作~尼玛各种凶残同人直逼虎兔= =,5913028,4,2011-08-14,jmix
968,一集才两分钟左右~猫咪跟主人之间的那些个超好玩的事~哈哈很可爱~,3804477,5,2011-08-12,jmix
969,,1851187,4,2011-07-24,jmix
970,,4822829,3,2011-07-24,jmix
971,三次元你妹啊！！！！瞎了。。。。。。。。,6428148,1,2011-07-23,jmix
972,,4067152,5,2011-07-22,jmix
973,哈哈哈好可爱,2331133,5,2011-07-21,jmix
974,SAW的影子,3097044,3,2011-07-21,jmix
975,white collar复制版,4842285,4,2011-07-20,jmix
976,治愈系,5908516,4,2011-07-16,jmix
977,中二病一样的旁白开始，少女漫画一样的经过，最后却是一个妹控的结局。。尼玛太屌了我跟不上了好么！！一集弃之ORZ,6085356,,2011-07-16,jmix
978,重口味,3126172,3,2011-07-16,jmix
979,只为看 Mickey Rourke 帅崩了,1291873,4,2011-07-13,jmix
980,各种无头的影子。。弃~,5967233,3,2011-07-05,jmix
981,,3212352,,2011-06-23,jmix
982,,1440348,5,2011-06-14,jmix
983,啊哈哈哈哈哈哈哈哈哈哈哈哈哈哈哈哈,2159859,5,2011-06-09,jmix
984,,3296793,1,2011-05-30,jmix
985,四星是给H版跟渣城的XD,2149193,4,2011-05-29,jmix
986,,1306982,5,2011-05-29,jmix
987,,4287119,5,2011-05-29,jmix
988,,1307811,4,2011-05-29,jmix
989,,6041194,4,2011-05-29,jmix
990,BG无能~白痴女猪脚你可以死远点么,3411843,3,2011-05-29,jmix
991,,5387011,,2011-05-29,jmix
992,第一季真是永远的经典。。暧昧主仆关系满足各种YY~结局尤其让人浮想联翩~~~可惜被傻逼的第二季完全毁了。。,3199463,5,2011-05-29,jmix
993,人体蜈蚣 其实就是吃屎接龙,4058698,1,2011-05-24,jmix
994,,1302047,,2011-05-24,jmix
995,,1295629,4,2011-05-24,jmix
996,,4073750,5,2011-05-23,jmix
997,,3686352,5,2011-05-23,jmix
998,新海诚最牛的片子吧 纯爱小清新啊啊啊~ 同样不适合浮躁人群观看,2043546,4,2011-05-21,jmix
999,同人图现在好火= =,5379971,,2011-05-19,jmix
1000,,5382891,3,2011-05-19,jmix
1001,刚开始以为只是单纯copy飞天小女警。。结果发现我错的离谱ORZ。。介个不是一般人能消化的动漫。。,4845425,,2011-05-17,jmix
1002,治愈系,4934987,4,2011-05-17,jmix
1003,,5360033,3,2011-05-16,jmix
1004,银他妈脑残粉不解释(*￣▽￣)y ,2057171,5,2011-05-16,jmix
1005,,1470732,4,2011-05-12,jmix
1006,本来冲着LOLI正太去的~原来真是黑暗剧呦黑暗剧,6005599,3,2011-05-12,jmix
1007,天朝一辈子都拍不出这种东西,3012012,5,2011-05-10,jmix
1008,ORZ 内牛满面好么 这绝逼一萌+虐的基情小动画好么,1469984,4,2011-05-07,jmix
1009,"纯爱片一向提不起神马精神╮(╯▽╰)╭况且还装逼装的厉害~ 

单纯冲着那只小萌猫去的",3804436,2,2011-05-06,jmix
1010,,3148748,4,2011-05-06,jmix
1011,恐怖片不要玩深度好么？闷就一个字,2009469,2,2011-05-05,jmix
1012,,1863449,3,2011-05-05,jmix
1013,,2054070,3,2011-05-05,jmix
1014,,3400768,,2011-05-03,jmix
1015,"新房昭之  百合GL向  我还是更喜欢BL啊混蛋！！ 
",3402138,3,2011-05-01,jmix
1016,三次元接受无能。。。。,4845419,,2011-04-28,jmix
1017,电锯之父这回让我很失望,4817901,3,2011-04-28,jmix
1018,,3754382,5,2011-04-28,jmix
1019,很适合我奇怪猥琐的笑点,2353665,4,2011-04-28,jmix
1020,,1294809,,2011-04-28,jmix
1021,,1309120,,2011-04-28,jmix
1022,,1509868,3,2011-04-28,jmix
1023,,2338058,2,2011-04-28,jmix
1024,日剧真的提不起我神马兴致~哪怕是我最爱的宠物题材的,5989624,3,2011-04-26,jmix
1025,,3703209,5,2011-04-21,jmix
1026,,2375819,5,2011-04-21,jmix
1027,,2950496,5,2011-04-21,jmix
1028,都是冲着空姐去的哈哈,4291272,3,2011-04-20,jmix
1029,,1865703,5,2011-04-15,jmix
1030,,5397537,4,2011-04-15,jmix
1031,尼玛太短了太短了太短了太短了第二季第二季第二季第二季第二季强烈要求！！！！,5446211,5,2011-04-11,jmix
1032,,3072124,5,2011-04-09,jmix
1033,神作,4195678,5,2011-04-08,jmix
1034,只要小甲龙一开口，就被萌翻了,4848115,5,2011-04-07,jmix
1035,"超级猥琐的新番=_,=",5308296,,2011-04-07,jmix
1036,,1760622,5,2011-04-06,jmix
1037,我去~杉田智和..后宫卖肉片是在是没什么兴趣~,5384551,,2011-04-06,jmix
1038,暂且想追下去的新番~,4935090,4,2011-04-06,jmix
1039,无口也是萌属性~,5345348,3,2011-04-06,jmix
1040,,2257732,3,2011-04-03,jmix
1041,那只霸王龙骨架实在太抢镜了233333,1835843,4,2011-04-03,jmix
1042,,1304607,,2011-04-03,jmix
1043,,1297018,,2011-04-03,jmix
1044,,1292831,,2011-04-03,jmix
1045,,1292656,,2011-04-03,jmix
1046,,1305735,2,2011-04-03,jmix
1047,,1309172,3,2011-04-03,jmix
1048,,1369747,,2011-04-03,jmix
1049,,1294948,,2011-04-03,jmix
1050,,1292275,,2011-04-03,jmix
1051,,1295644,5,2011-04-03,jmix
1052,,3233761,4,2011-04-02,jmix
1053,弃。不喜欢恋空也不喜欢这部,5370353,2,2011-04-01,jmix
1054,,3405642,5,2011-04-01,jmix
1055,,3228352,5,2011-03-31,jmix
1056,,1482102,2,2011-03-31,jmix
1057,,1308792,2,2011-03-31,jmix
1058,,5384581,,2011-03-29,jmix
1059,,1851906,,2011-03-29,jmix
1060,,5316829,,2011-03-29,jmix
1061,,3012257,2,2011-03-28,jmix
1062,,3015835,3,2011-03-28,jmix
1063,,1463879,5,2011-03-27,jmix
1064,孔雀大萌~~~,3620686,4,2011-03-24,jmix
1065,对比英版含蓄收敛了很多。。。还有果然还是一美更合我胃口！！,4729738,4,2011-03-24,jmix
1066,完全冲着Mickey Rourke~,1307223,3,2011-03-22,jmix
1067,又一烂片,3991935,2,2011-03-21,jmix
1068,,4740691,3,2011-03-21,jmix
1069,,4145559,4,2011-03-17,jmix
1070,还真算不上恐怖片。。。,1296078,,2011-03-12,jmix
1071,,2122766,3,2011-03-12,jmix
1072,,3872249,5,2011-03-11,jmix
1073,,1309184,3,2011-03-10,jmix
1074,,2297275,,2011-03-07,jmix
1075,,1796778,5,2011-03-07,jmix
1076,,1970437,4,2011-03-07,jmix
1077,,4804079,5,2011-03-06,jmix
1078,,3990470,5,2011-03-06,jmix
1079,,3190880,5,2011-03-06,jmix
1080,,2156528,5,2011-03-06,jmix
1081,,2357302,4,2011-03-06,jmix
1082,,4892642,,2011-03-04,jmix
1083,,5992987,,2011-02-25,jmix
1084,,1789292,4,2011-02-24,jmix
1085,Chloe Moretz~,3564315,4,2011-02-17,jmix
1086,,2968813,4,2011-02-17,jmix
1087,,3329336,2,2011-02-17,jmix
1088,剧情是摸不着头脑了点~但是恐怖方面做的还行~,2296544,3,2011-02-05,jmix
1089,烂片!!,2295401,1,2011-02-05,jmix
1090,烂片!!,1962823,2,2011-02-05,jmix
1091,看的让人烦躁又要睡过去,1436846,2,2011-02-05,jmix
1092,,3075983,3,2011-02-05,jmix
1093,,2350904,3,2011-02-05,jmix
1094,,1922273,3,2011-02-05,jmix
1095,,1474189,4,2011-02-05,jmix
1096,,1309045,4,2011-02-05,jmix
1097,回头看第一部简直经典牛逼到不要不要,1417598,5,2011-02-05,jmix
1098,,4204586,3,2011-02-05,jmix
1099,,3011051,4,2011-02-05,jmix
1100,,5279639,5,2011-02-02,jmix
1101,畸形观念...,3041201,2,2011-02-01,jmix
1102,"就冲着Francisco Bosch这个妖孽尤物看也值了~~╮(╯▽╰)╭ 
",1308950,4,2011-02-01,jmix
1103,,3078609,3,2011-01-31,jmix
1104,,3011052,2,2011-01-31,jmix
1105,,1438790,3,2011-01-31,jmix
1106,坑爹..小孩子什么的根本没什么好恐怖的元素!!!!!,1306808,2,2011-01-31,jmix
1107,虽然一点都不恐怖...,1307696,4,2011-01-31,jmix
1108,,2129170,3,2011-01-31,jmix
1109,,1309222,4,2011-01-31,jmix
1110,,1455849,4,2011-01-31,jmix
1111,披着BG外衣的BL片~,3263169,3,2011-01-31,jmix
1112,,3150346,3,2011-01-31,jmix
1113,,2127788,3,2011-01-31,jmix
1114,,2252775,4,2011-01-31,jmix
1115,,3014307,2,2011-01-31,jmix
1116,又一部打着恐怖旗号的恶心片~,2302162,,2011-01-31,jmix
1117,,2992767,3,2011-01-31,jmix
1118,又一部看着看着就想睡觉的恐怖片.果断弃~,2328749,,2011-01-31,jmix
1119,,1768941,3,2011-01-31,jmix
1120,,3287562,4,2011-01-31,jmix
1121,,4919243,5,2011-01-30,jmix
1122,,5384580,3,2011-01-30,jmix
1123,,1418752,3,2011-01-27,jmix
1124,这不是恐怖片~这是恶心片~,1465415,2,2011-01-27,jmix
1125,霸王龙老爹是个好老爹~,5262320,5,2011-01-27,jmix
1126,,3275168,4,2011-01-26,jmix
1127,,1294136,5,2011-01-26,jmix
1128,,1395354,3,2011-01-26,jmix
1129,,1939690,4,2011-01-26,jmix
1130,,1466007,5,2011-01-26,jmix
1131,,1428054,4,2011-01-26,jmix
1132,,1301861,4,2011-01-26,jmix
1133,,1308207,4,2011-01-26,jmix
1134,,1299981,4,2011-01-26,jmix
1135,,3878157,3,2011-01-26,jmix
1136,,2225175,2,2011-01-24,jmix
1137,,1309009,2,2011-01-24,jmix
1138,,1303847,4,2011-01-24,jmix
1139,我差点没睡过去...,1773217,2,2011-01-24,jmix
1140,,1949329,4,2011-01-24,jmix
1141,,1297500,3,2011-01-24,jmix
1142,,3066083,3,2011-01-24,jmix
1143,,1437109,4,2011-01-24,jmix
1144,,4268598,4,2011-01-23,jmix
1145,,1963990,3,2011-01-19,jmix
1146,,3199454,4,2011-01-19,jmix
1147,小兔老湿超萌（¯﹃¯）,3024826,5,2011-01-19,jmix
1148,,4189698,1,2011-01-19,jmix
1149,,4826776,3,2011-01-19,jmix
1150,,3193101,4,2011-01-19,jmix
1151,,3264270,4,2011-01-19,jmix
1152,,3137840,3,2011-01-19,jmix
1153,,2078919,4,2011-01-19,jmix
1154,,2380261,3,2011-01-19,jmix
1155,,4223463,4,2011-01-19,jmix
1156,,4160445,4,2011-01-19,jmix
1157,,3017813,3,2011-01-19,jmix
1158,,2216326,3,2011-01-19,jmix
1159,,3254235,3,2011-01-19,jmix
1160,,3838279,4,2011-01-19,jmix
1161,终于看见一部台湾算拍的可以的黑色偶像剧了，也算是张韶涵拍过的最棒的一部剧【青春不只有白色栀子花瓣，還有谎言和死亡,3016210,4,2011-01-19,jmix
1162,,4312800,3,2011-01-18,jmix
1163,,1926352,4,2011-01-18,jmix
1164,就算听取前辈意见跳开前小白三十集开始看还是硬撑的看不下去了= =废柴男猪脚幼稚低龄化打斗热血个毛实在太无聊了。。奇怪怎么那么多人说好看~还拿OP来比较。。实在叫人诧异~,1998268,2,2011-01-18,jmix
1165,变态王子超萌的好嘛！！！！！,24703888,5,2011-01-17,jmix
1166,,1918704,,2011-01-17,jmix
1167,,4920564,,2011-01-17,jmix
1168,,4899891,,2011-01-17,jmix
1169,......亲吻姐姐的翻版.....,5294343,,2011-01-17,jmix
1170,变装+h+吐槽+僵尸~没话讲了...,4845420,3,2011-01-16,jmix
1171,看了几集而已~少女向什么的对我来说太纯洁跟无聊= =,4191745,3,2011-01-14,jmix
1172,,5374408,3,2011-01-14,jmix
1173,俗套的剧情.不过很适合给小三们看~,3011093,3,2011-01-13,jmix
1174,,4709904,3,2011-01-12,jmix
1175,,1978369,4,2011-01-10,jmix
1176,老套到直接想拿块豆腐撞死= =,3003830,2,2011-01-10,jmix
1177,,3439443,3,2011-01-10,jmix
1178,,1465087,3,2011-01-10,jmix
1179,,1465086,3,2011-01-10,jmix
1180,,3011091,5,2011-01-10,jmix
1181,,1316572,4,2011-01-10,jmix
1182,,1949129,2,2011-01-10,jmix
1183,,1308829,3,2011-01-10,jmix
1184,,1418919,3,2011-01-10,jmix
1185,,3578756,4,2011-01-08,jmix
1186,,4604803,2,2011-01-08,jmix
1187,,3686087,2,2011-01-06,jmix
1188,烂片！！,2301701,1,2011-01-05,jmix
1189,,3647097,4,2010-12-28,jmix
1190,,3778412,4,2010-12-27,jmix
1191,,1782142,5,2010-12-27,jmix
1192,,3055431,5,2010-12-27,jmix
1193,,4074170,3,2010-12-27,jmix
1194,某基的演技绝对挤进实力派了~,2160385,5,2010-12-27,jmix
1195,,2274074,3,2010-12-27,jmix
1196,,2372543,4,2010-12-27,jmix
1197,当年看的我热血沸腾的棒子剧。。。张根锡的鼎盛颜寸头胡子肌肉最MAN时期,3174557,5,2010-12-27,jmix
1198,,3992226,4,2010-12-27,jmix
1199,硕哥的演技不是盖的~~,3992384,4,2010-12-27,jmix
1200,,3600972,4,2010-12-27,jmix
1201,,3550132,3,2010-12-27,jmix
1202,,4742378,4,2010-12-27,jmix
1203,文根英你真不适合装可爱的路子..硕哥我虽然挺喜欢你但是妖孽跟娘是有区别的希望你早日雄起!!!!!!!!!!,5279587,2,2010-12-27,jmix
1204,大妈向...,3199466,3,2010-12-25,jmix
1205,诡异感太棒了！！！！！！！当年真的有吓到我TVT,3199456,5,2010-12-25,jmix
1206,前一个小时差点没睡过去..这部是最无聊的~,3041294,2,2010-12-25,jmix
1207,竟然追的下去的乙女向动画...我喜欢哥哥=V=,4307380,4,2010-12-23,jmix
1208,,3534824,4,2010-12-21,jmix
1209,OVA什么的就是坑爹!!!!!!!,4122194,4,2010-12-17,jmix
1210,,4739952,4,2010-12-10,jmix
1211,,2982823,4,2010-12-03,jmix
1212,哈哈哈哈哈,3899162,5,2010-12-03,jmix
1213,,3908423,5,2010-12-03,jmix
1214,,2275496,4,2010-12-03,jmix
1215,,1870116,5,2010-11-28,jmix
1216,,2340927,5,2010-11-28,jmix
1217,,3199457,5,2010-11-28,jmix
1218,卧槽赞就一个字,3210959,5,2010-11-26,jmix
1219,,2052059,4,2010-11-26,jmix
1220,,1441053,5,2010-11-25,jmix
1221,,4196129,3,2010-11-23,jmix
1222,那只邪恶的飞鼠很对我胃口哈哈哈,3151410,4,2010-11-01,jmix
1223,崩崩崩崩崩崩,4833542,1,2010-10-30,jmix
1224,,4893988,5,2010-10-30,jmix
1225,尼玛制作组集体切腹去吧混蛋！！！！,3814389,1,2010-10-21,jmix
1226,美貌什么的都是浮云浮云....,1300912,5,2010-10-19,jmix
1227,,1460915,5,2010-10-16,jmix
1228,重口味,2990294,3,2010-10-16,jmix
1229,,3564499,5,2010-10-10,jmix
1230,,1482297,4,2010-09-26,jmix
1231,,1765748,4,2010-09-21,jmix
1232,,3707070,4,2010-08-26,jmix
1233,非常血腥的橡皮泥哈哈哈,3732505,4,2010-08-14,jmix
1234,,3437176,4,2010-08-13,jmix
1235,越看越有味,4291876,5,2010-08-13,jmix
1236,,3993334,4,2010-08-11,jmix
1237,,1453067,3,2010-08-06,jmix
1238,,1940086,3,2010-08-06,jmix
1239,萌萌萌萌!!!日本动画现在真不是能用强大来形容了~~,4841238,5,2010-07-27,jmix
1240,,4006470,3,2010-07-24,jmix
1241,,1850521,3,2010-07-22,jmix
1242,,3001142,4,2010-07-22,jmix
1243,,1436679,3,2010-07-22,jmix
1244,,3034986,4,2010-07-22,jmix
1245,,1291579,4,2010-07-15,jmix
1246,"MR BEAN永远是一个经典 
",1302958,5,2010-07-15,jmix
1247,好莱坞模式的搞笑英雄片。,1309020,3,2010-07-15,jmix
1248,,4158027,3,2010-07-15,jmix
1249,这只傻松鼠还是那么有爱的搞笑~~,1963070,5,2010-07-15,jmix
1250,,2357162,5,2010-07-15,jmix
1251,,1437342,5,2010-07-15,jmix
1252,,1291578,5,2010-07-15,jmix
1253,,1849652,4,2010-07-14,jmix
1254,,2295759,4,2010-07-14,jmix
1255,,1291561,5,2010-07-14,jmix
1256,第一季最精彩。,1979063,4,2010-07-07,jmix
1257,"女主角那门牙缝实在看着我难受- -
吸血鬼男主角Bill貌似老了点~~属于第一眼觉得丑而后越看越有爱型的吧。。黑妞tara那嘴皮子工夫忒对我胃口了太可爱了~~",4889423,5,2010-07-07,jmix
1258,女主角相当漂亮。可惜吸血鬼们长的实在有点抱歉。。。,3646523,3,2010-07-07,jmix
1259,无比幼稚欢乐啊！！！！HONEY前辈简直萌爆了阿喂！！！！,1817253,4,2010-07-07,jmix
1260,"BL向动画大神级别= =
腐女入门菜鸟级必看。",1826462,4,2010-07-07,jmix
1261,"人物美型声优强大剧情狗血。
也不玩暧昧向了直接BL向故无数腐女意淫CP无数对。。
米卡杰乃史上最悲剧的炮灰男主角。。
阿亚哥的军装制服相当销魂。。",3736737,3,2010-07-07,jmix
1262,,1293318,5,2010-06-25,jmix
1263,,3442220,5,2010-06-24,jmix
1264,小姑娘演技太赞了！！,3011308,5,2010-06-24,jmix
1265,,1292001,5,2010-06-24,jmix
1266,看过N部人偶类恐怖片，只有这个人偶让我有毛骨悚然的感觉！！结局赞一个！！,1895120,4,2010-06-23,jmix
1267,,1760828,5,2010-06-23,jmix
1268,须奈子实在是大爱~~~,1940029,4,2010-06-23,jmix
1269,阿布阿布阿布~~~~,1773834,5,2010-06-23,jmix
1270,,3993682,5,2010-06-23,jmix
1271,,3430169,5,2010-06-23,jmix
1272,不追火影不追死神只追OP....绝对经典中的经典~~,1453238,5,2010-06-23,jmix
1273,"KUSO的无比欢乐~~~
",2249531,5,2010-06-23,jmix
1274,好吧那可怜的分数全是打给声优跟美型新选组的。。,4300644,3,2010-06-23,jmix
1275,,1945330,4,2010-06-22,jmix
